relative_path,true_label,true_index,pred_index,pred_label,confidence,correct,batch_elapsed_ms,batch_mean_inference_ms_per_image
A/ASL_A_001.jpg,A,0,12,M,0.9881861209869384,False,1689.6873139999684,26.401364281249503
A/ASL_A_002.jpg,A,0,12,M,0.9523566961288452,False,1689.6873139999684,26.401364281249503
A/ASL_A_003.jpg,A,0,24,Y,0.8911277651786804,False,1689.6873139999684,26.401364281249503
A/ASL_A_004.jpg,A,0,24,Y,0.9604510068893432,False,1689.6873139999684,26.401364281249503
A/ASL_A_005.jpg,A,0,24,Y,0.4008195102214813,False,1689.6873139999684,26.401364281249503
A/ASL_A_006.jpg,A,0,12,M,0.6037923097610474,False,1689.6873139999684,26.401364281249503
A/ASL_A_007.jpg,A,0,12,M,0.2809109389781952,False,1689.6873139999684,26.401364281249503
A/ASL_A_008.jpg,A,0,12,M,0.3324902653694153,False,1689.6873139999684,26.401364281249503
A/ASL_A_009.jpg,A,0,13,N,0.2640180289745331,False,1689.6873139999684,26.401364281249503
A/ASL_A_010.jpg,A,0,13,N,0.1471849083900451,False,1689.6873139999684,26.401364281249503
A/ASL_A_011.jpg,A,0,27,nothing,0.1443502753973007,False,1689.6873139999684,26.401364281249503
A/ASL_A_012.jpg,A,0,12,M,0.2361519336700439,False,1689.6873139999684,26.401364281249503
A/ASL_A_013.jpg,A,0,12,M,0.3727146983146667,False,1689.6873139999684,26.401364281249503
A/ASL_A_014.jpg,A,0,12,M,0.3306349515914917,False,1689.6873139999684,26.401364281249503
A/ASL_A_015.jpg,A,0,12,M,0.2984035313129425,False,1689.6873139999684,26.401364281249503
A/ASL_A_016.jpg,A,0,24,Y,0.9811397790908812,False,1689.6873139999684,26.401364281249503
A/ASL_A_017.jpg,A,0,24,Y,0.9486582279205322,False,1689.6873139999684,26.401364281249503
A/ASL_A_018.jpg,A,0,24,Y,0.8231989741325378,False,1689.6873139999684,26.401364281249503
A/ASL_A_019.jpg,A,0,24,Y,0.4163898527622223,False,1689.6873139999684,26.401364281249503
A/ASL_A_020.jpg,A,0,24,Y,0.632805347442627,False,1689.6873139999684,26.401364281249503
A/ASL_A_021.png,A,0,0,A,0.6666269302368164,True,1689.6873139999684,26.401364281249503
A/ASL_A_022.png,A,0,24,Y,0.9917448163032532,False,1689.6873139999684,26.401364281249503
A/ASL_A_023.png,A,0,23,X,0.4726753532886505,False,1689.6873139999684,26.401364281249503
A/ASL_A_024.png,A,0,24,Y,0.9987857937812804,False,1689.6873139999684,26.401364281249503
A/ASL_A_025.png,A,0,24,Y,0.9974119067192078,False,1689.6873139999684,26.401364281249503
A/ASL_A_026.png,A,0,27,nothing,0.9999436140060424,False,1689.6873139999684,26.401364281249503
A/ASL_A_027.png,A,0,0,A,0.8899610042572021,True,1689.6873139999684,26.401364281249503
A/ASL_A_028.png,A,0,0,A,0.9953291416168212,True,1689.6873139999684,26.401364281249503
A/ASL_A_029.png,A,0,24,Y,0.885002076625824,False,1689.6873139999684,26.401364281249503
A/ASL_A_030.png,A,0,24,Y,0.7083795666694641,False,1689.6873139999684,26.401364281249503
B/ASL_B_001.jpg,B,1,22,W,0.7041537761688232,False,1689.6873139999684,26.401364281249503
B/ASL_B_002.jpg,B,1,22,W,0.9005563855171204,False,1689.6873139999684,26.401364281249503
B/ASL_B_003.jpg,B,1,1,B,0.9981766939163208,True,1689.6873139999684,26.401364281249503
B/ASL_B_004.jpg,B,1,12,M,0.8652186393737793,False,1689.6873139999684,26.401364281249503
B/ASL_B_005.jpg,B,1,12,M,0.8864247798919678,False,1689.6873139999684,26.401364281249503
B/ASL_B_006.jpg,B,1,13,N,0.1995065510272979,False,1689.6873139999684,26.401364281249503
B/ASL_B_007.jpg,B,1,12,M,0.4122518599033355,False,1689.6873139999684,26.401364281249503
B/ASL_B_008.jpg,B,1,12,M,0.2233240008354187,False,1689.6873139999684,26.401364281249503
B/ASL_B_009.jpg,B,1,12,M,0.2374015897512436,False,1689.6873139999684,26.401364281249503
B/ASL_B_010.jpg,B,1,13,N,0.2909311950206756,False,1689.6873139999684,26.401364281249503
B/ASL_B_011.jpg,B,1,13,N,0.2655092775821686,False,1689.6873139999684,26.401364281249503
B/ASL_B_012.jpg,B,1,13,N,0.2908282577991485,False,1689.6873139999684,26.401364281249503
B/ASL_B_013.jpg,B,1,13,N,0.3472554981708526,False,1689.6873139999684,26.401364281249503
B/ASL_B_014.jpg,B,1,1,B,0.2017019838094711,True,1689.6873139999684,26.401364281249503
B/ASL_B_015.jpg,B,1,22,W,0.7933917045593262,False,1689.6873139999684,26.401364281249503
B/ASL_B_016.jpg,B,1,1,B,0.9867172241210938,True,1689.6873139999684,26.401364281249503
B/ASL_B_017.jpg,B,1,1,B,0.930489420890808,True,1689.6873139999684,26.401364281249503
B/ASL_B_018.jpg,B,1,1,B,0.9988659620285034,True,1689.6873139999684,26.401364281249503
B/ASL_B_019.jpg,B,1,1,B,0.9227712750434875,True,1689.6873139999684,26.401364281249503
B/ASL_B_020.jpg,B,1,22,W,0.5574883818626404,False,1689.6873139999684,26.401364281249503
B/ASL_B_021.png,B,1,1,B,0.9756659269332886,True,1689.6873139999684,26.401364281249503
B/ASL_B_022.png,B,1,1,B,0.9998776912689208,True,1689.6873139999684,26.401364281249503
B/ASL_B_023.png,B,1,1,B,0.9988665580749512,True,1689.6873139999684,26.401364281249503
B/ASL_B_024.png,B,1,1,B,0.9999996423721312,True,1689.6873139999684,26.401364281249503
B/ASL_B_025.png,B,1,1,B,1.0,True,1689.6873139999684,26.401364281249503
B/ASL_B_026.png,B,1,1,B,0.9997017979621888,True,1689.6873139999684,26.401364281249503
B/ASL_B_027.png,B,1,1,B,0.9999439716339112,True,1689.6873139999684,26.401364281249503
B/ASL_B_028.png,B,1,1,B,0.9999822378158568,True,1689.6873139999684,26.401364281249503
B/ASL_B_029.png,B,1,18,S,0.6226145625114441,False,1689.6873139999684,26.401364281249503
B/ASL_B_030.png,B,1,1,B,0.5987050533294678,True,1689.6873139999684,26.401364281249503
C/ASL_C_001.jpg,C,2,22,W,0.9999947547912598,False,1689.6873139999684,26.401364281249503
C/ASL_C_002.jpg,C,2,22,W,0.9999951124191284,False,1689.6873139999684,26.401364281249503
C/ASL_C_003.jpg,C,2,22,W,0.9999483823776244,False,1689.6873139999684,26.401364281249503
C/ASL_C_004.jpg,C,2,22,W,0.9999752044677734,False,1689.6873139999684,26.401364281249503
C/ASL_C_005.jpg,C,2,27,nothing,0.1938126981258392,False,251.2267690000272,3.925418265625424
C/ASL_C_006.jpg,C,2,27,nothing,0.1596444547176361,False,251.2267690000272,3.925418265625424
C/ASL_C_007.jpg,C,2,27,nothing,0.1928735971450805,False,251.2267690000272,3.925418265625424
C/ASL_C_008.jpg,C,2,13,N,0.1560792177915573,False,251.2267690000272,3.925418265625424
C/ASL_C_009.jpg,C,2,24,Y,0.1363199353218078,False,251.2267690000272,3.925418265625424
C/ASL_C_010.jpg,C,2,22,W,0.2586853206157684,False,251.2267690000272,3.925418265625424
C/ASL_C_011.jpg,C,2,22,W,0.177275612950325,False,251.2267690000272,3.925418265625424
C/ASL_C_012.jpg,C,2,22,W,0.1164568439126014,False,251.2267690000272,3.925418265625424
C/ASL_C_013.jpg,C,2,16,Q,0.2276789993047714,False,251.2267690000272,3.925418265625424
C/ASL_C_014.jpg,C,2,16,Q,0.6517765522003174,False,251.2267690000272,3.925418265625424
C/ASL_C_015.jpg,C,2,22,W,0.4362480640411377,False,251.2267690000272,3.925418265625424
C/ASL_C_016.jpg,C,2,22,W,0.6794701218605042,False,251.2267690000272,3.925418265625424
C/ASL_C_017.jpg,C,2,22,W,0.9307768940925598,False,251.2267690000272,3.925418265625424
C/ASL_C_018.jpg,C,2,14,O,0.6584547162055969,False,251.2267690000272,3.925418265625424
C/ASL_C_019.jpg,C,2,12,M,0.910944163799286,False,251.2267690000272,3.925418265625424
C/ASL_C_020.jpg,C,2,22,W,0.9998300075531006,False,251.2267690000272,3.925418265625424
C/ASL_C_021.png,C,2,27,nothing,0.2964774370193481,False,251.2267690000272,3.925418265625424
C/ASL_C_022.png,C,2,2,C,0.9092567563056946,True,251.2267690000272,3.925418265625424
C/ASL_C_023.png,C,2,9,J,0.2365785241127014,False,251.2267690000272,3.925418265625424
C/ASL_C_024.png,C,2,24,Y,0.324627161026001,False,251.2267690000272,3.925418265625424
C/ASL_C_025.png,C,2,1,B,0.8595739603042603,False,251.2267690000272,3.925418265625424
C/ASL_C_026.png,C,2,26,delete,0.8548505306243896,False,251.2267690000272,3.925418265625424
C/ASL_C_027.png,C,2,22,W,0.5346353650093079,False,251.2267690000272,3.925418265625424
C/ASL_C_028.png,C,2,1,B,0.9114908576011658,False,251.2267690000272,3.925418265625424
C/ASL_C_029.png,C,2,2,C,0.5842063426971436,True,251.2267690000272,3.925418265625424
C/ASL_C_030.png,C,2,28,space,0.215528592467308,False,251.2267690000272,3.925418265625424
D/ASL_D_001.jpg,D,3,22,W,0.1612095832824707,False,251.2267690000272,3.925418265625424
D/ASL_D_002.jpg,D,3,22,W,0.2602197825908661,False,251.2267690000272,3.925418265625424
D/ASL_D_003.jpg,D,3,3,D,0.5638424754142761,True,251.2267690000272,3.925418265625424
D/ASL_D_004.jpg,D,3,3,D,0.9917524456977844,True,251.2267690000272,3.925418265625424
D/ASL_D_005.jpg,D,3,22,W,0.5619004368782043,False,251.2267690000272,3.925418265625424
D/ASL_D_006.jpg,D,3,3,D,0.4963172972202301,True,251.2267690000272,3.925418265625424
D/ASL_D_007.jpg,D,3,3,D,0.7150155901908875,True,251.2267690000272,3.925418265625424
D/ASL_D_008.jpg,D,3,22,W,0.6686877608299255,False,251.2267690000272,3.925418265625424
D/ASL_D_009.jpg,D,3,22,W,0.7169564366340637,False,251.2267690000272,3.925418265625424
D/ASL_D_010.jpg,D,3,22,W,0.5584332346916199,False,251.2267690000272,3.925418265625424
D/ASL_D_011.jpg,D,3,22,W,0.3627174496650696,False,251.2267690000272,3.925418265625424
D/ASL_D_012.jpg,D,3,13,N,0.2560392320156097,False,251.2267690000272,3.925418265625424
D/ASL_D_013.jpg,D,3,24,Y,0.2075241357088089,False,251.2267690000272,3.925418265625424
D/ASL_D_014.jpg,D,3,16,Q,0.2549132704734802,False,251.2267690000272,3.925418265625424
D/ASL_D_015.jpg,D,3,3,D,0.9503232836723328,True,251.2267690000272,3.925418265625424
D/ASL_D_016.jpg,D,3,3,D,0.9764531254768372,True,251.2267690000272,3.925418265625424
D/ASL_D_017.jpg,D,3,3,D,0.980629861354828,True,251.2267690000272,3.925418265625424
D/ASL_D_018.jpg,D,3,3,D,0.8239588737487793,True,251.2267690000272,3.925418265625424
D/ASL_D_019.jpg,D,3,3,D,0.5259248614311218,True,251.2267690000272,3.925418265625424
D/ASL_D_020.jpg,D,3,3,D,0.9725321531295776,True,251.2267690000272,3.925418265625424
D/ASL_D_021.jpg,D,3,3,D,0.9939330220222472,True,251.2267690000272,3.925418265625424
D/ASL_D_022.jpg,D,3,3,D,0.8754560947418213,True,251.2267690000272,3.925418265625424
D/ASL_D_023.jpg,D,3,3,D,0.9882919192314148,True,251.2267690000272,3.925418265625424
D/ASL_D_024.jpg,D,3,3,D,0.99664306640625,True,251.2267690000272,3.925418265625424
D/ASL_D_025.png,D,3,3,D,0.9942783117294312,True,251.2267690000272,3.925418265625424
D/ASL_D_026.png,D,3,17,R,0.9972266554832458,False,251.2267690000272,3.925418265625424
D/ASL_D_027.png,D,3,3,D,0.9512969851493835,True,251.2267690000272,3.925418265625424
D/ASL_D_028.png,D,3,27,nothing,0.9999902248382568,False,251.2267690000272,3.925418265625424
D/ASL_D_029.png,D,3,3,D,0.9924691319465636,True,251.2267690000272,3.925418265625424
D/ASL_D_030.png,D,3,17,R,0.8432771563529968,False,251.2267690000272,3.925418265625424
E/ASL_E_001.jpg,E,4,23,X,0.2445040643215179,False,251.2267690000272,3.925418265625424
E/ASL_E_002.jpg,E,4,22,W,0.5196347832679749,False,251.2267690000272,3.925418265625424
E/ASL_E_003.jpg,E,4,22,W,0.9997767806053162,False,251.2267690000272,3.925418265625424
E/ASL_E_004.jpg,E,4,9,J,0.6995792388916016,False,251.2267690000272,3.925418265625424
E/ASL_E_005.jpg,E,4,22,W,0.4829144179821014,False,251.2267690000272,3.925418265625424
E/ASL_E_006.jpg,E,4,22,W,0.6267545223236084,False,251.2267690000272,3.925418265625424
E/ASL_E_007.jpg,E,4,22,W,0.2907947599887848,False,251.2267690000272,3.925418265625424
E/ASL_E_008.jpg,E,4,22,W,0.3058327138423919,False,251.2267690000272,3.925418265625424
E/ASL_E_009.jpg,E,4,13,N,0.4093264639377594,False,247.92058999997835,3.8737592187496617
E/ASL_E_010.jpg,E,4,13,N,0.3985894620418548,False,247.92058999997835,3.8737592187496617
E/ASL_E_011.jpg,E,4,1,B,0.7825897932052612,False,247.92058999997835,3.8737592187496617
E/ASL_E_012.jpg,E,4,1,B,0.5520100593566895,False,247.92058999997835,3.8737592187496617
E/ASL_E_013.jpg,E,4,1,B,0.5697709918022156,False,247.92058999997835,3.8737592187496617
E/ASL_E_014.jpg,E,4,22,W,0.462132453918457,False,247.92058999997835,3.8737592187496617
E/ASL_E_015.jpg,E,4,24,Y,0.2232392132282257,False,247.92058999997835,3.8737592187496617
E/ASL_E_016.jpg,E,4,13,N,0.6296337842941284,False,247.92058999997835,3.8737592187496617
E/ASL_E_017.jpg,E,4,1,B,0.4633653461933136,False,247.92058999997835,3.8737592187496617
E/ASL_E_018.jpg,E,4,4,E,0.8446299433708191,True,247.92058999997835,3.8737592187496617
E/ASL_E_019.jpg,E,4,1,B,0.3021768033504486,False,247.92058999997835,3.8737592187496617
E/ASL_E_020.jpg,E,4,10,K,0.1685879975557327,False,247.92058999997835,3.8737592187496617
E/ASL_E_021.png,E,4,4,E,0.9999986886978148,True,247.92058999997835,3.8737592187496617
E/ASL_E_022.png,E,4,4,E,0.931561291217804,True,247.92058999997835,3.8737592187496617
E/ASL_E_023.png,E,4,4,E,0.9999845027923584,True,247.92058999997835,3.8737592187496617
E/ASL_E_024.png,E,4,4,E,0.9856577515602112,True,247.92058999997835,3.8737592187496617
E/ASL_E_025.png,E,4,4,E,0.729194700717926,True,247.92058999997835,3.8737592187496617
E/ASL_E_026.png,E,4,4,E,0.9964685440063475,True,247.92058999997835,3.8737592187496617
E/ASL_E_027.png,E,4,4,E,0.956088662147522,True,247.92058999997835,3.8737592187496617
E/ASL_E_028.png,E,4,4,E,0.891316831111908,True,247.92058999997835,3.8737592187496617
E/ASL_E_029.png,E,4,4,E,0.9981186985969543,True,247.92058999997835,3.8737592187496617
E/ASL_E_030.png,E,4,4,E,0.4851076602935791,True,247.92058999997835,3.8737592187496617
F/ASL_F_001.jpg,F,5,22,W,0.9999991655349731,False,247.92058999997835,3.8737592187496617
F/ASL_F_002.jpg,F,5,22,W,0.9999957084655762,False,247.92058999997835,3.8737592187496617
F/ASL_F_003.jpg,F,5,22,W,0.9965713024139404,False,247.92058999997835,3.8737592187496617
F/ASL_F_004.jpg,F,5,22,W,0.9994638562202454,False,247.92058999997835,3.8737592187496617
F/ASL_F_005.jpg,F,5,22,W,0.5091033577919006,False,247.92058999997835,3.8737592187496617
F/ASL_F_006.jpg,F,5,22,W,0.7260657548904419,False,247.92058999997835,3.8737592187496617
F/ASL_F_007.jpg,F,5,16,Q,0.1924075931310653,False,247.92058999997835,3.8737592187496617
F/ASL_F_008.jpg,F,5,13,N,0.256826251745224,False,247.92058999997835,3.8737592187496617
F/ASL_F_009.jpg,F,5,13,N,0.3968744277954101,False,247.92058999997835,3.8737592187496617
F/ASL_F_010.jpg,F,5,13,N,0.4513310194015503,False,247.92058999997835,3.8737592187496617
F/ASL_F_011.jpg,F,5,13,N,0.2697754800319671,False,247.92058999997835,3.8737592187496617
F/ASL_F_012.jpg,F,5,13,N,0.3524000346660614,False,247.92058999997835,3.8737592187496617
F/ASL_F_013.jpg,F,5,22,W,0.9940296411514282,False,247.92058999997835,3.8737592187496617
F/ASL_F_014.jpg,F,5,22,W,0.9677162766456604,False,247.92058999997835,3.8737592187496617
F/ASL_F_015.jpg,F,5,22,W,0.6811193227767944,False,247.92058999997835,3.8737592187496617
F/ASL_F_016.jpg,F,5,22,W,0.273323118686676,False,247.92058999997835,3.8737592187496617
F/ASL_F_017.jpg,F,5,24,Y,0.2994175255298614,False,247.92058999997835,3.8737592187496617
F/ASL_F_018.jpg,F,5,22,W,0.9341829419136048,False,247.92058999997835,3.8737592187496617
F/ASL_F_019.jpg,F,5,22,W,0.553040623664856,False,247.92058999997835,3.8737592187496617
F/ASL_F_020.jpg,F,5,22,W,0.5695483088493347,False,247.92058999997835,3.8737592187496617
F/ASL_F_021.png,F,5,22,W,0.9993971586227416,False,247.92058999997835,3.8737592187496617
F/ASL_F_022.png,F,5,22,W,0.9971919655799866,False,247.92058999997835,3.8737592187496617
F/ASL_F_023.png,F,5,22,W,0.7184768319129944,False,247.92058999997835,3.8737592187496617
F/ASL_F_024.png,F,5,22,W,0.997930645942688,False,247.92058999997835,3.8737592187496617
F/ASL_F_025.png,F,5,22,W,0.7168887853622437,False,247.92058999997835,3.8737592187496617
F/ASL_F_026.png,F,5,22,W,0.9328885078430176,False,247.92058999997835,3.8737592187496617
F/ASL_F_027.png,F,5,22,W,0.9004276990890503,False,247.92058999997835,3.8737592187496617
F/ASL_F_028.png,F,5,22,W,0.9745889902114868,False,247.92058999997835,3.8737592187496617
F/ASL_F_029.png,F,5,12,M,0.4914065301418304,False,247.92058999997835,3.8737592187496617
F/ASL_F_030.png,F,5,22,W,0.5806108713150024,False,247.92058999997835,3.8737592187496617
G/ASL_G_001.jpg,G,6,17,R,0.9585021734237672,False,247.92058999997835,3.8737592187496617
G/ASL_G_002.jpg,G,6,17,R,0.8146264553070068,False,247.92058999997835,3.8737592187496617
G/ASL_G_003.jpg,G,6,17,R,0.8313044309616089,False,247.92058999997835,3.8737592187496617
G/ASL_G_004.jpg,G,6,17,R,0.6894645690917969,False,247.92058999997835,3.8737592187496617
G/ASL_G_005.jpg,G,6,17,R,0.9107967019081116,False,247.92058999997835,3.8737592187496617
G/ASL_G_006.jpg,G,6,7,H,0.9959121942520142,False,247.92058999997835,3.8737592187496617
G/ASL_G_007.jpg,G,6,7,H,0.8829950094223022,False,247.92058999997835,3.8737592187496617
G/ASL_G_008.jpg,G,6,7,H,0.9993900060653688,False,247.92058999997835,3.8737592187496617
G/ASL_G_009.jpg,G,6,7,H,0.9999936819076538,False,247.92058999997835,3.8737592187496617
G/ASL_G_010.jpg,G,6,7,H,0.999536633491516,False,247.92058999997835,3.8737592187496617
G/ASL_G_011.jpg,G,6,7,H,0.5167809724807739,False,247.92058999997835,3.8737592187496617
G/ASL_G_012.jpg,G,6,6,G,0.9066733717918396,True,247.92058999997835,3.8737592187496617
G/ASL_G_013.jpg,G,6,6,G,0.9739168882369996,True,246.9786610000142,3.859041578125222
G/ASL_G_014.jpg,G,6,6,G,0.9994522929191588,True,246.9786610000142,3.859041578125222
G/ASL_G_015.jpg,G,6,17,R,0.94888174533844,False,246.9786610000142,3.859041578125222
G/ASL_G_016.jpg,G,6,7,H,0.9027550220489502,False,246.9786610000142,3.859041578125222
G/ASL_G_017.jpg,G,6,6,G,0.9991377592086792,True,246.9786610000142,3.859041578125222
G/ASL_G_018.jpg,G,6,6,G,0.8691244721412659,True,246.9786610000142,3.859041578125222
G/ASL_G_019.jpg,G,6,27,nothing,0.2174006104469299,False,246.9786610000142,3.859041578125222
G/ASL_G_020.jpg,G,6,6,G,0.9997346997261048,True,246.9786610000142,3.859041578125222
G/ASL_G_021.jpg,G,6,6,G,0.4198620915412903,True,246.9786610000142,3.859041578125222
G/ASL_G_022.jpg,G,6,7,H,0.4076854586601257,False,246.9786610000142,3.859041578125222
G/ASL_G_023.jpg,G,6,7,H,0.7679867148399353,False,246.9786610000142,3.859041578125222
G/ASL_G_024.jpg,G,6,7,H,0.9634080529212952,False,246.9786610000142,3.859041578125222
G/ASL_G_025.jpg,G,6,6,G,0.5231694579124451,True,246.9786610000142,3.859041578125222
G/ASL_G_026.jpg,G,6,6,G,0.7508955597877502,True,246.9786610000142,3.859041578125222
G/ASL_G_027.jpg,G,6,6,G,0.9740121960639954,True,246.9786610000142,3.859041578125222
G/ASL_G_028.jpg,G,6,6,G,0.7105956077575684,True,246.9786610000142,3.859041578125222
G/ASL_G_029.jpg,G,6,6,G,0.9969432950019836,True,246.9786610000142,3.859041578125222
G/ASL_G_030.jpg,G,6,6,G,0.981562614440918,True,246.9786610000142,3.859041578125222
H/ASL_H_001.jpg,H,7,7,H,1.0,True,246.9786610000142,3.859041578125222
H/ASL_H_002.jpg,H,7,7,H,0.9999998807907104,True,246.9786610000142,3.859041578125222
H/ASL_H_003.jpg,H,7,7,H,1.0,True,246.9786610000142,3.859041578125222
H/ASL_H_004.jpg,H,7,7,H,1.0,True,246.9786610000142,3.859041578125222
H/ASL_H_005.jpg,H,7,7,H,1.0,True,246.9786610000142,3.859041578125222
H/ASL_H_006.jpg,H,7,7,H,1.0,True,246.9786610000142,3.859041578125222
H/ASL_H_007.jpg,H,7,7,H,0.9483724236488342,True,246.9786610000142,3.859041578125222
H/ASL_H_008.jpg,H,7,7,H,0.9989572763442992,True,246.9786610000142,3.859041578125222
H/ASL_H_009.jpg,H,7,7,H,0.9972810745239258,True,246.9786610000142,3.859041578125222
H/ASL_H_010.jpg,H,7,7,H,0.9970819354057312,True,246.9786610000142,3.859041578125222
H/ASL_H_011.jpg,H,7,7,H,0.999992847442627,True,246.9786610000142,3.859041578125222
H/ASL_H_012.jpg,H,7,7,H,0.999986171722412,True,246.9786610000142,3.859041578125222
H/ASL_H_013.jpg,H,7,7,H,0.9999239444732666,True,246.9786610000142,3.859041578125222
H/ASL_H_014.jpg,H,7,7,H,0.9999994039535522,True,246.9786610000142,3.859041578125222
H/ASL_H_015.jpg,H,7,7,H,0.9999992847442628,True,246.9786610000142,3.859041578125222
H/ASL_H_016.jpg,H,7,7,H,0.9999997615814208,True,246.9786610000142,3.859041578125222
H/ASL_H_017.jpg,H,7,7,H,0.9936856627464294,True,246.9786610000142,3.859041578125222
H/ASL_H_018.jpg,H,7,7,H,0.999386191368103,True,246.9786610000142,3.859041578125222
H/ASL_H_019.jpg,H,7,7,H,0.8757898807525635,True,246.9786610000142,3.859041578125222
H/ASL_H_020.jpg,H,7,7,H,0.999990940093994,True,246.9786610000142,3.859041578125222
H/ASL_H_021.jpg,H,7,7,H,0.9891223311424256,True,246.9786610000142,3.859041578125222
H/ASL_H_022.jpg,H,7,7,H,0.9737185835838318,True,246.9786610000142,3.859041578125222
H/ASL_H_023.jpg,H,7,7,H,0.9786975979804992,True,246.9786610000142,3.859041578125222
H/ASL_H_024.jpg,H,7,7,H,0.9995556473731996,True,246.9786610000142,3.859041578125222
H/ASL_H_025.jpg,H,7,7,H,0.9999854564666748,True,246.9786610000142,3.859041578125222
H/ASL_H_026.jpg,H,7,7,H,0.9999998807907104,True,246.9786610000142,3.859041578125222
H/ASL_H_027.jpg,H,7,7,H,0.9999914169311525,True,246.9786610000142,3.859041578125222
H/ASL_H_028.jpg,H,7,7,H,0.9653705954551696,True,246.9786610000142,3.859041578125222
H/ASL_H_029.jpg,H,7,7,H,0.9999984502792358,True,246.9786610000142,3.859041578125222
H/ASL_H_030.jpg,H,7,7,H,0.9948299527168274,True,246.9786610000142,3.859041578125222
I/ASL_I_001.jpg,I,8,8,I,0.9961249232292176,True,246.9786610000142,3.859041578125222
I/ASL_I_002.jpg,I,8,8,I,0.8071718811988831,True,246.9786610000142,3.859041578125222
I/ASL_I_003.jpg,I,8,8,I,0.9284032583236694,True,246.9786610000142,3.859041578125222
I/ASL_I_004.jpg,I,8,8,I,0.9779836535453796,True,246.9786610000142,3.859041578125222
I/ASL_I_005.jpg,I,8,16,Q,0.7503273487091064,False,246.9786610000142,3.859041578125222
I/ASL_I_006.jpg,I,8,24,Y,0.8399457335472107,False,246.9786610000142,3.859041578125222
I/ASL_I_007.jpg,I,8,8,I,0.9830977320671082,True,246.9786610000142,3.859041578125222
I/ASL_I_008.jpg,I,8,8,I,0.9559627175331116,True,246.9786610000142,3.859041578125222
I/ASL_I_009.jpg,I,8,8,I,0.9927787184715272,True,246.9786610000142,3.859041578125222
I/ASL_I_010.jpg,I,8,8,I,0.9905224442481996,True,246.9786610000142,3.859041578125222
I/ASL_I_011.jpg,I,8,8,I,0.5463801026344299,True,246.9786610000142,3.859041578125222
I/ASL_I_012.jpg,I,8,8,I,0.989669382572174,True,246.9786610000142,3.859041578125222
I/ASL_I_013.jpg,I,8,8,I,0.9706509113311768,True,246.9786610000142,3.859041578125222
I/ASL_I_014.jpg,I,8,8,I,0.8274775147438049,True,246.9786610000142,3.859041578125222
I/ASL_I_015.jpg,I,8,8,I,0.8355070948600769,True,246.9786610000142,3.859041578125222
I/ASL_I_016.jpg,I,8,25,Z,0.3786598742008209,False,246.9786610000142,3.859041578125222
I/ASL_I_017.jpg,I,8,23,X,0.9392988085746764,False,249.70393799998192,3.9016240312497175
I/ASL_I_018.jpg,I,8,23,X,0.5297831892967224,False,249.70393799998192,3.9016240312497175
I/ASL_I_019.jpg,I,8,9,J,0.9318140149116516,False,249.70393799998192,3.9016240312497175
I/ASL_I_020.jpg,I,8,8,I,0.6645318865776062,True,249.70393799998192,3.9016240312497175
I/ASL_I_021.jpg,I,8,8,I,0.818271279335022,True,249.70393799998192,3.9016240312497175
I/ASL_I_022.jpg,I,8,8,I,0.7492425441741943,True,249.70393799998192,3.9016240312497175
I/ASL_I_023.jpg,I,8,8,I,0.988789200782776,True,249.70393799998192,3.9016240312497175
I/ASL_I_024.jpg,I,8,27,nothing,0.9997782111167908,False,249.70393799998192,3.9016240312497175
I/ASL_I_025.jpg,I,8,8,I,0.6404193043708801,True,249.70393799998192,3.9016240312497175
I/ASL_I_026.jpg,I,8,27,nothing,0.9964261651039124,False,249.70393799998192,3.9016240312497175
I/ASL_I_027.jpg,I,8,27,nothing,0.9957862496376038,False,249.70393799998192,3.9016240312497175
I/ASL_I_028.jpg,I,8,27,nothing,0.4348924458026886,False,249.70393799998192,3.9016240312497175
I/ASL_I_029.jpg,I,8,24,Y,0.3844763338565826,False,249.70393799998192,3.9016240312497175
I/ASL_I_030.jpg,I,8,24,Y,0.2469098418951034,False,249.70393799998192,3.9016240312497175
J/ASL_J_001.jpg,J,9,24,Y,0.2306053787469864,False,249.70393799998192,3.9016240312497175
J/ASL_J_002.jpg,J,9,24,Y,0.1885666102170944,False,249.70393799998192,3.9016240312497175
J/ASL_J_003.jpg,J,9,27,nothing,0.3230365514755249,False,249.70393799998192,3.9016240312497175
J/ASL_J_004.jpg,J,9,27,nothing,0.7571826577186584,False,249.70393799998192,3.9016240312497175
J/ASL_J_005.jpg,J,9,27,nothing,0.3005770444869995,False,249.70393799998192,3.9016240312497175
J/ASL_J_006.jpg,J,9,27,nothing,0.3196471631526947,False,249.70393799998192,3.9016240312497175
J/ASL_J_007.jpg,J,9,9,J,0.9999717473983764,True,249.70393799998192,3.9016240312497175
J/ASL_J_008.jpg,J,9,9,J,0.999919891357422,True,249.70393799998192,3.9016240312497175
J/ASL_J_009.jpg,J,9,9,J,0.9998946189880372,True,249.70393799998192,3.9016240312497175
J/ASL_J_010.jpg,J,9,9,J,0.9885138869285583,True,249.70393799998192,3.9016240312497175
J/ASL_J_011.jpg,J,9,9,J,0.9998043179512024,True,249.70393799998192,3.9016240312497175
J/ASL_J_012.jpg,J,9,9,J,0.9999897480010986,True,249.70393799998192,3.9016240312497175
J/ASL_J_013.jpg,J,9,9,J,0.9998536109924316,True,249.70393799998192,3.9016240312497175
J/ASL_J_014.jpg,J,9,9,J,0.9999847412109376,True,249.70393799998192,3.9016240312497175
J/ASL_J_015.jpg,J,9,9,J,0.9606711268424988,True,249.70393799998192,3.9016240312497175
J/ASL_J_016.jpg,J,9,25,Z,0.9532308578491212,False,249.70393799998192,3.9016240312497175
J/ASL_J_017.jpg,J,9,9,J,0.9990249872207642,True,249.70393799998192,3.9016240312497175
J/ASL_J_018.jpg,J,9,9,J,0.9975979924201964,True,249.70393799998192,3.9016240312497175
J/ASL_J_019.jpg,J,9,27,nothing,0.9999552965164183,False,249.70393799998192,3.9016240312497175
J/ASL_J_020.jpg,J,9,27,nothing,0.9987695813179016,False,249.70393799998192,3.9016240312497175
J/ASL_J_021.jpg,J,9,9,J,0.5532434582710266,True,249.70393799998192,3.9016240312497175
J/ASL_J_022.jpg,J,9,9,J,0.7958835363388062,True,249.70393799998192,3.9016240312497175
J/ASL_J_023.jpg,J,9,27,nothing,0.9999327659606934,False,249.70393799998192,3.9016240312497175
J/ASL_J_024.jpg,J,9,22,W,0.7806501984596252,False,249.70393799998192,3.9016240312497175
J/ASL_J_025.jpg,J,9,27,nothing,0.9999148845672609,False,249.70393799998192,3.9016240312497175
J/ASL_J_026.jpg,J,9,15,P,0.6325132250785828,False,249.70393799998192,3.9016240312497175
J/ASL_J_027.jpg,J,9,25,Z,0.8511098623275757,False,249.70393799998192,3.9016240312497175
J/ASL_J_028.jpg,J,9,9,J,0.9979037046432496,True,249.70393799998192,3.9016240312497175
J/ASL_J_029.jpg,J,9,9,J,0.6774929761886597,True,249.70393799998192,3.9016240312497175
J/ASL_J_030.jpg,J,9,9,J,0.5027764439582825,True,249.70393799998192,3.9016240312497175
K/ASL_K_001.jpg,K,10,1,B,0.5204612016677856,False,249.70393799998192,3.9016240312497175
K/ASL_K_002.jpg,K,10,12,M,0.5803889632225037,False,249.70393799998192,3.9016240312497175
K/ASL_K_003.jpg,K,10,12,M,0.4089395999908447,False,249.70393799998192,3.9016240312497175
K/ASL_K_004.jpg,K,10,24,Y,0.5862548351287842,False,249.70393799998192,3.9016240312497175
K/ASL_K_005.jpg,K,10,16,Q,0.3634233176708221,False,249.70393799998192,3.9016240312497175
K/ASL_K_006.jpg,K,10,12,M,0.5014855861663818,False,249.70393799998192,3.9016240312497175
K/ASL_K_007.jpg,K,10,24,Y,0.3175408244132995,False,249.70393799998192,3.9016240312497175
K/ASL_K_008.jpg,K,10,12,M,0.5813361406326294,False,249.70393799998192,3.9016240312497175
K/ASL_K_009.jpg,K,10,10,K,0.7781546115875244,True,249.70393799998192,3.9016240312497175
K/ASL_K_010.jpg,K,10,10,K,0.9467208981513976,True,249.70393799998192,3.9016240312497175
K/ASL_K_011.jpg,K,10,22,W,0.3589548170566559,False,249.70393799998192,3.9016240312497175
K/ASL_K_012.jpg,K,10,17,R,0.3931717276573181,False,249.70393799998192,3.9016240312497175
K/ASL_K_013.jpg,K,10,10,K,0.9642682075500488,True,249.70393799998192,3.9016240312497175
K/ASL_K_014.jpg,K,10,10,K,0.9594619870185852,True,249.70393799998192,3.9016240312497175
K/ASL_K_015.jpg,K,10,10,K,0.6803684234619141,True,249.70393799998192,3.9016240312497175
K/ASL_K_016.jpg,K,10,22,W,0.7838085889816284,False,249.70393799998192,3.9016240312497175
K/ASL_K_017.jpg,K,10,10,K,0.978167712688446,True,249.70393799998192,3.9016240312497175
K/ASL_K_018.jpg,K,10,10,K,0.9999827146530152,True,249.70393799998192,3.9016240312497175
K/ASL_K_019.jpg,K,10,10,K,0.9999974966049194,True,249.70393799998192,3.9016240312497175
K/ASL_K_020.jpg,K,10,10,K,0.9995998740196228,True,249.70393799998192,3.9016240312497175
K/ASL_K_021.png,K,10,17,R,0.3627556264400482,False,250.12747900001384,3.9082418593752166
K/ASL_K_022.png,K,10,10,K,0.4556129872798919,True,250.12747900001384,3.9082418593752166
K/ASL_K_023.png,K,10,6,G,0.5094448328018188,False,250.12747900001384,3.9082418593752166
K/ASL_K_024.png,K,10,17,R,0.5585657358169556,False,250.12747900001384,3.9082418593752166
K/ASL_K_025.png,K,10,10,K,0.939149796962738,True,250.12747900001384,3.9082418593752166
K/ASL_K_026.png,K,10,10,K,0.9997195601463318,True,250.12747900001384,3.9082418593752166
K/ASL_K_027.png,K,10,24,Y,0.8597870469093323,False,250.12747900001384,3.9082418593752166
K/ASL_K_028.png,K,10,10,K,0.4409031867980957,True,250.12747900001384,3.9082418593752166
K/ASL_K_029.png,K,10,6,G,0.5730461478233337,False,250.12747900001384,3.9082418593752166
K/ASL_K_030.png,K,10,10,K,0.759285569190979,True,250.12747900001384,3.9082418593752166
L/ASL_L_001.jpg,L,11,16,Q,0.2448522895574569,False,250.12747900001384,3.9082418593752166
L/ASL_L_002.jpg,L,11,24,Y,0.4246564209461212,False,250.12747900001384,3.9082418593752166
L/ASL_L_003.jpg,L,11,24,Y,0.4802292883396148,False,250.12747900001384,3.9082418593752166
L/ASL_L_004.jpg,L,11,27,nothing,0.8303940892219543,False,250.12747900001384,3.9082418593752166
L/ASL_L_005.jpg,L,11,16,Q,0.3649245500564575,False,250.12747900001384,3.9082418593752166
L/ASL_L_006.jpg,L,11,11,L,0.9914081692695618,True,250.12747900001384,3.9082418593752166
L/ASL_L_007.jpg,L,11,11,L,0.950696051120758,True,250.12747900001384,3.9082418593752166
L/ASL_L_008.jpg,L,11,11,L,0.8644658327102661,True,250.12747900001384,3.9082418593752166
L/ASL_L_009.jpg,L,11,11,L,0.9992713332176208,True,250.12747900001384,3.9082418593752166
L/ASL_L_010.jpg,L,11,11,L,0.9999992847442628,True,250.12747900001384,3.9082418593752166
L/ASL_L_011.jpg,L,11,11,L,0.650098979473114,True,250.12747900001384,3.9082418593752166
L/ASL_L_012.jpg,L,11,11,L,0.8339316844940186,True,250.12747900001384,3.9082418593752166
L/ASL_L_013.jpg,L,11,16,Q,0.240543246269226,False,250.12747900001384,3.9082418593752166
L/ASL_L_014.jpg,L,11,11,L,0.999964952468872,True,250.12747900001384,3.9082418593752166
L/ASL_L_015.jpg,L,11,26,delete,0.3270379900932312,False,250.12747900001384,3.9082418593752166
L/ASL_L_016.jpg,L,11,11,L,0.9991974234580994,True,250.12747900001384,3.9082418593752166
L/ASL_L_017.jpg,L,11,24,Y,0.631561815738678,False,250.12747900001384,3.9082418593752166
L/ASL_L_018.jpg,L,11,24,Y,0.9903337359428406,False,250.12747900001384,3.9082418593752166
L/ASL_L_019.jpg,L,11,11,L,0.8918105363845825,True,250.12747900001384,3.9082418593752166
L/ASL_L_020.jpg,L,11,11,L,0.7648999691009521,True,250.12747900001384,3.9082418593752166
L/ASL_L_021.png,L,11,11,L,0.8809303045272827,True,250.12747900001384,3.9082418593752166
L/ASL_L_022.png,L,11,24,Y,0.8279462456703186,False,250.12747900001384,3.9082418593752166
L/ASL_L_023.png,L,11,11,L,0.9953399896621704,True,250.12747900001384,3.9082418593752166
L/ASL_L_024.png,L,11,25,Z,0.7343404293060303,False,250.12747900001384,3.9082418593752166
L/ASL_L_025.png,L,11,11,L,0.5988167524337769,True,250.12747900001384,3.9082418593752166
L/ASL_L_026.png,L,11,24,Y,0.5365417003631592,False,250.12747900001384,3.9082418593752166
L/ASL_L_027.png,L,11,24,Y,0.9144214391708374,False,250.12747900001384,3.9082418593752166
L/ASL_L_028.png,L,11,24,Y,0.5960683226585388,False,250.12747900001384,3.9082418593752166
L/ASL_L_029.png,L,11,23,X,0.970992624759674,False,250.12747900001384,3.9082418593752166
L/ASL_L_030.png,L,11,11,L,0.8964833617210388,True,250.12747900001384,3.9082418593752166
M/ASL_M_001.jpg,M,12,12,M,0.9998387098312378,True,250.12747900001384,3.9082418593752166
M/ASL_M_002.jpg,M,12,12,M,0.7685316801071167,True,250.12747900001384,3.9082418593752166
M/ASL_M_003.jpg,M,12,27,nothing,0.9938356280326844,False,250.12747900001384,3.9082418593752166
M/ASL_M_004.jpg,M,12,27,nothing,0.9977452158927916,False,250.12747900001384,3.9082418593752166
M/ASL_M_005.jpg,M,12,27,nothing,0.9977766871452332,False,250.12747900001384,3.9082418593752166
M/ASL_M_006.jpg,M,12,27,nothing,0.9933618307113647,False,250.12747900001384,3.9082418593752166
M/ASL_M_007.jpg,M,12,27,nothing,0.7849068641662598,False,250.12747900001384,3.9082418593752166
M/ASL_M_008.jpg,M,12,12,M,0.9996718168258668,True,250.12747900001384,3.9082418593752166
M/ASL_M_009.jpg,M,12,12,M,0.9999929666519164,True,250.12747900001384,3.9082418593752166
M/ASL_M_010.jpg,M,12,12,M,0.960999071598053,True,250.12747900001384,3.9082418593752166
M/ASL_M_011.jpg,M,12,12,M,0.999997854232788,True,250.12747900001384,3.9082418593752166
M/ASL_M_012.jpg,M,12,12,M,0.9995684027671814,True,250.12747900001384,3.9082418593752166
M/ASL_M_013.jpg,M,12,12,M,0.999962329864502,True,250.12747900001384,3.9082418593752166
M/ASL_M_014.jpg,M,12,12,M,0.9999691247940063,True,250.12747900001384,3.9082418593752166
M/ASL_M_015.jpg,M,12,12,M,0.9924833178520204,True,250.12747900001384,3.9082418593752166
M/ASL_M_016.jpg,M,12,12,M,0.9979150891304016,True,250.12747900001384,3.9082418593752166
M/ASL_M_017.jpg,M,12,12,M,0.9988676309585572,True,250.12747900001384,3.9082418593752166
M/ASL_M_018.jpg,M,12,12,M,0.9998492002487184,True,250.12747900001384,3.9082418593752166
M/ASL_M_019.jpg,M,12,12,M,0.9991751313209534,True,250.12747900001384,3.9082418593752166
M/ASL_M_020.jpg,M,12,12,M,0.9954751133918762,True,250.12747900001384,3.9082418593752166
M/ASL_M_021.jpg,M,12,12,M,0.9982441663742064,True,250.12747900001384,3.9082418593752166
M/ASL_M_022.jpg,M,12,13,N,0.9882339239120485,False,250.12747900001384,3.9082418593752166
M/ASL_M_023.jpg,M,12,12,M,0.9934428930282592,True,250.12747900001384,3.9082418593752166
M/ASL_M_024.jpg,M,12,13,N,0.94187593460083,False,250.12747900001384,3.9082418593752166
M/ASL_M_025.jpg,M,12,12,M,0.9901810884475708,True,244.86094799999591,3.825952312499936
M/ASL_M_026.jpg,M,12,12,M,0.9819083213806152,True,244.86094799999591,3.825952312499936
M/ASL_M_027.jpg,M,12,12,M,0.8404954075813293,True,244.86094799999591,3.825952312499936
M/ASL_M_028.jpg,M,12,13,N,0.7367562055587769,False,244.86094799999591,3.825952312499936
M/ASL_M_029.jpg,M,12,13,N,0.9979191422462464,False,244.86094799999591,3.825952312499936
M/ASL_M_030.jpg,M,12,12,M,0.5575220584869385,True,244.86094799999591,3.825952312499936
N/ASL_N_001.jpg,N,13,27,nothing,0.8333673477172852,False,244.86094799999591,3.825952312499936
N/ASL_N_002.jpg,N,13,27,nothing,0.8951581120491028,False,244.86094799999591,3.825952312499936
N/ASL_N_003.jpg,N,13,27,nothing,0.7867763042449951,False,244.86094799999591,3.825952312499936
N/ASL_N_004.jpg,N,13,27,nothing,0.9899557828903198,False,244.86094799999591,3.825952312499936
N/ASL_N_005.jpg,N,13,27,nothing,0.8821239471435547,False,244.86094799999591,3.825952312499936
N/ASL_N_006.jpg,N,13,12,M,0.9865546226501464,False,244.86094799999591,3.825952312499936
N/ASL_N_007.jpg,N,13,12,M,0.9347254037857056,False,244.86094799999591,3.825952312499936
N/ASL_N_008.jpg,N,13,12,M,0.5241923332214355,False,244.86094799999591,3.825952312499936
N/ASL_N_009.jpg,N,13,12,M,0.6288742423057556,False,244.86094799999591,3.825952312499936
N/ASL_N_010.jpg,N,13,12,M,0.999929666519165,False,244.86094799999591,3.825952312499936
N/ASL_N_011.jpg,N,13,13,N,0.987136721611023,True,244.86094799999591,3.825952312499936
N/ASL_N_012.jpg,N,13,13,N,0.9930625557899476,True,244.86094799999591,3.825952312499936
N/ASL_N_013.jpg,N,13,12,M,0.8615121841430664,False,244.86094799999591,3.825952312499936
N/ASL_N_014.jpg,N,13,12,M,0.9666607975959778,False,244.86094799999591,3.825952312499936
N/ASL_N_015.jpg,N,13,12,M,0.9340521097183228,False,244.86094799999591,3.825952312499936
N/ASL_N_016.jpg,N,13,12,M,0.4425703585147857,False,244.86094799999591,3.825952312499936
N/ASL_N_017.jpg,N,13,12,M,0.3909279108047485,False,244.86094799999591,3.825952312499936
N/ASL_N_018.jpg,N,13,24,Y,0.314039409160614,False,244.86094799999591,3.825952312499936
N/ASL_N_019.jpg,N,13,12,M,0.998761773109436,False,244.86094799999591,3.825952312499936
N/ASL_N_020.jpg,N,13,27,nothing,0.9799882173538208,False,244.86094799999591,3.825952312499936
N/ASL_N_021.jpg,N,13,12,M,0.8920865058898926,False,244.86094799999591,3.825952312499936
N/ASL_N_022.jpg,N,13,13,N,0.6283575892448425,True,244.86094799999591,3.825952312499936
N/ASL_N_023.jpg,N,13,13,N,0.9753232598304749,True,244.86094799999591,3.825952312499936
N/ASL_N_024.jpg,N,13,13,N,0.9323333501815796,True,244.86094799999591,3.825952312499936
N/ASL_N_025.jpg,N,13,26,delete,0.5011103749275208,False,244.86094799999591,3.825952312499936
N/ASL_N_026.jpg,N,13,13,N,0.3750115633010864,True,244.86094799999591,3.825952312499936
N/ASL_N_027.jpg,N,13,13,N,0.3661637604236603,True,244.86094799999591,3.825952312499936
N/ASL_N_028.jpg,N,13,27,nothing,0.9876498579978944,False,244.86094799999591,3.825952312499936
N/ASL_N_029.jpg,N,13,27,nothing,0.7947328090667725,False,244.86094799999591,3.825952312499936
N/ASL_N_030.jpg,N,13,27,nothing,0.9900972843170166,False,244.86094799999591,3.825952312499936
O/ASL_O_001.jpg,O,14,14,O,0.9968194961547852,True,244.86094799999591,3.825952312499936
O/ASL_O_002.jpg,O,14,14,O,0.9935884475708008,True,244.86094799999591,3.825952312499936
O/ASL_O_003.jpg,O,14,14,O,0.9578040838241576,True,244.86094799999591,3.825952312499936
O/ASL_O_004.jpg,O,14,14,O,0.9898484349250792,True,244.86094799999591,3.825952312499936
O/ASL_O_005.jpg,O,14,14,O,0.9976285099983216,True,244.86094799999591,3.825952312499936
O/ASL_O_006.jpg,O,14,14,O,0.9974355101585388,True,244.86094799999591,3.825952312499936
O/ASL_O_007.jpg,O,14,14,O,0.9983686804771424,True,244.86094799999591,3.825952312499936
O/ASL_O_008.jpg,O,14,3,D,0.9995548129081726,False,244.86094799999591,3.825952312499936
O/ASL_O_009.jpg,O,14,3,D,0.999653697013855,False,244.86094799999591,3.825952312499936
O/ASL_O_010.jpg,O,14,3,D,0.9985300302505492,False,244.86094799999591,3.825952312499936
O/ASL_O_011.jpg,O,14,3,D,0.9999797344207764,False,244.86094799999591,3.825952312499936
O/ASL_O_012.jpg,O,14,14,O,0.987103283405304,True,244.86094799999591,3.825952312499936
O/ASL_O_013.jpg,O,14,27,nothing,0.9267005920410156,False,244.86094799999591,3.825952312499936
O/ASL_O_014.jpg,O,14,27,nothing,0.9998992681503296,False,244.86094799999591,3.825952312499936
O/ASL_O_015.jpg,O,14,14,O,0.6777099967002869,True,244.86094799999591,3.825952312499936
O/ASL_O_016.jpg,O,14,14,O,0.4508610963821411,True,244.86094799999591,3.825952312499936
O/ASL_O_017.jpg,O,14,12,M,0.5698086023330688,False,244.86094799999591,3.825952312499936
O/ASL_O_018.jpg,O,14,26,delete,0.2630404531955719,False,244.86094799999591,3.825952312499936
O/ASL_O_019.jpg,O,14,27,nothing,0.9982256293296814,False,244.86094799999591,3.825952312499936
O/ASL_O_020.jpg,O,14,27,nothing,0.6775665283203125,False,244.86094799999591,3.825952312499936
O/ASL_O_021.png,O,14,14,O,0.722743570804596,True,244.86094799999591,3.825952312499936
O/ASL_O_022.png,O,14,22,W,0.8362763524055481,False,244.86094799999591,3.825952312499936
O/ASL_O_023.png,O,14,14,O,0.8458085060119629,True,244.86094799999591,3.825952312499936
O/ASL_O_024.png,O,14,14,O,0.9984136819839478,True,244.86094799999591,3.825952312499936
O/ASL_O_025.png,O,14,14,O,0.9657586812973022,True,244.86094799999591,3.825952312499936
O/ASL_O_026.png,O,14,28,space,0.9579620361328124,False,244.86094799999591,3.825952312499936
O/ASL_O_027.png,O,14,26,delete,0.448485255241394,False,244.86094799999591,3.825952312499936
O/ASL_O_028.png,O,14,26,delete,0.4929825067520141,False,244.86094799999591,3.825952312499936
O/ASL_O_029.png,O,14,26,delete,0.9060925245285034,False,248.7962140000377,3.887440843750589
O/ASL_O_030.png,O,14,14,O,0.9917811751365662,True,248.7962140000377,3.887440843750589
P/ASL_P_001.jpg,P,15,15,P,1.0,True,248.7962140000377,3.887440843750589
P/ASL_P_002.jpg,P,15,15,P,1.0,True,248.7962140000377,3.887440843750589
P/ASL_P_003.jpg,P,15,15,P,0.9999226331710817,True,248.7962140000377,3.887440843750589
P/ASL_P_004.jpg,P,15,15,P,0.9999985694885254,True,248.7962140000377,3.887440843750589
P/ASL_P_005.jpg,P,15,15,P,0.9984244108200072,True,248.7962140000377,3.887440843750589
P/ASL_P_006.jpg,P,15,15,P,0.8393580317497253,True,248.7962140000377,3.887440843750589
P/ASL_P_007.jpg,P,15,15,P,0.8476468324661255,True,248.7962140000377,3.887440843750589
P/ASL_P_008.jpg,P,15,15,P,0.4483015537261963,True,248.7962140000377,3.887440843750589
P/ASL_P_009.jpg,P,15,27,nothing,0.999941110610962,False,248.7962140000377,3.887440843750589
P/ASL_P_010.jpg,P,15,15,P,1.0,True,248.7962140000377,3.887440843750589
P/ASL_P_011.jpg,P,15,15,P,0.9988101720809937,True,248.7962140000377,3.887440843750589
P/ASL_P_012.jpg,P,15,15,P,0.999996781349182,True,248.7962140000377,3.887440843750589
P/ASL_P_013.jpg,P,15,27,nothing,0.4915381669998169,False,248.7962140000377,3.887440843750589
P/ASL_P_014.jpg,P,15,27,nothing,0.999985933303833,False,248.7962140000377,3.887440843750589
P/ASL_P_015.jpg,P,15,27,nothing,0.9993388056755066,False,248.7962140000377,3.887440843750589
P/ASL_P_016.jpg,P,15,15,P,0.9998503923416138,True,248.7962140000377,3.887440843750589
P/ASL_P_017.jpg,P,15,15,P,0.9999996423721312,True,248.7962140000377,3.887440843750589
P/ASL_P_018.jpg,P,15,15,P,0.9999998807907104,True,248.7962140000377,3.887440843750589
P/ASL_P_019.jpg,P,15,15,P,0.9898025393486024,True,248.7962140000377,3.887440843750589
P/ASL_P_020.jpg,P,15,15,P,1.0,True,248.7962140000377,3.887440843750589
P/ASL_P_021.jpg,P,15,15,P,1.0,True,248.7962140000377,3.887440843750589
P/ASL_P_022.jpg,P,15,15,P,1.0,True,248.7962140000377,3.887440843750589
P/ASL_P_023.jpg,P,15,15,P,1.0,True,248.7962140000377,3.887440843750589
P/ASL_P_024.jpg,P,15,15,P,1.0,True,248.7962140000377,3.887440843750589
P/ASL_P_025.jpg,P,15,15,P,1.0,True,248.7962140000377,3.887440843750589
P/ASL_P_026.jpg,P,15,15,P,1.0,True,248.7962140000377,3.887440843750589
P/ASL_P_027.jpg,P,15,15,P,0.9999958276748656,True,248.7962140000377,3.887440843750589
P/ASL_P_028.jpg,P,15,15,P,0.9999969005584716,True,248.7962140000377,3.887440843750589
P/ASL_P_029.jpg,P,15,15,P,0.9971230626106262,True,248.7962140000377,3.887440843750589
P/ASL_P_030.jpg,P,15,27,nothing,0.587524950504303,False,248.7962140000377,3.887440843750589
Q/ASL_Q_001.jpg,Q,16,15,P,0.8761240839958191,False,248.7962140000377,3.887440843750589
Q/ASL_Q_002.jpg,Q,16,16,Q,0.7676353454589844,True,248.7962140000377,3.887440843750589
Q/ASL_Q_003.jpg,Q,16,16,Q,0.999728500843048,True,248.7962140000377,3.887440843750589
Q/ASL_Q_004.jpg,Q,16,16,Q,0.9938960671424866,True,248.7962140000377,3.887440843750589
Q/ASL_Q_005.jpg,Q,16,27,nothing,0.9935688972473145,False,248.7962140000377,3.887440843750589
Q/ASL_Q_006.jpg,Q,16,27,nothing,0.9999443292617798,False,248.7962140000377,3.887440843750589
Q/ASL_Q_007.jpg,Q,16,27,nothing,0.9999881982803344,False,248.7962140000377,3.887440843750589
Q/ASL_Q_008.jpg,Q,16,26,delete,0.4901951253414154,False,248.7962140000377,3.887440843750589
Q/ASL_Q_009.jpg,Q,16,15,P,0.660545289516449,False,248.7962140000377,3.887440843750589
Q/ASL_Q_010.jpg,Q,16,27,nothing,0.9868767261505128,False,248.7962140000377,3.887440843750589
Q/ASL_Q_011.jpg,Q,16,6,G,0.9940604567527772,False,248.7962140000377,3.887440843750589
Q/ASL_Q_012.jpg,Q,16,16,Q,0.9838877320289612,True,248.7962140000377,3.887440843750589
Q/ASL_Q_013.jpg,Q,16,16,Q,0.8493303060531616,True,248.7962140000377,3.887440843750589
Q/ASL_Q_014.jpg,Q,16,27,nothing,0.9974606037139891,False,248.7962140000377,3.887440843750589
Q/ASL_Q_015.jpg,Q,16,16,Q,0.9998182654380798,True,248.7962140000377,3.887440843750589
Q/ASL_Q_016.jpg,Q,16,16,Q,0.9998481273651124,True,248.7962140000377,3.887440843750589
Q/ASL_Q_017.jpg,Q,16,16,Q,0.8547903895378113,True,248.7962140000377,3.887440843750589
Q/ASL_Q_018.jpg,Q,16,16,Q,0.99948251247406,True,248.7962140000377,3.887440843750589
Q/ASL_Q_019.jpg,Q,16,16,Q,0.9989669322967528,True,248.7962140000377,3.887440843750589
Q/ASL_Q_020.jpg,Q,16,16,Q,0.9999414682388306,True,248.7962140000377,3.887440843750589
Q/ASL_Q_021.jpg,Q,16,16,Q,0.999520778656006,True,248.7962140000377,3.887440843750589
Q/ASL_Q_022.jpg,Q,16,16,Q,0.9993769526481628,True,248.7962140000377,3.887440843750589
Q/ASL_Q_023.jpg,Q,16,16,Q,0.999884843826294,True,248.7962140000377,3.887440843750589
Q/ASL_Q_024.jpg,Q,16,16,Q,0.9999345541000366,True,248.7962140000377,3.887440843750589
Q/ASL_Q_025.jpg,Q,16,16,Q,0.9964763522148132,True,248.7962140000377,3.887440843750589
Q/ASL_Q_026.jpg,Q,16,16,Q,0.9993428587913512,True,248.7962140000377,3.887440843750589
Q/ASL_Q_027.jpg,Q,16,16,Q,0.999632716178894,True,248.7962140000377,3.887440843750589
Q/ASL_Q_028.jpg,Q,16,16,Q,0.9930017590522766,True,248.7962140000377,3.887440843750589
Q/ASL_Q_029.jpg,Q,16,26,delete,0.3527393639087677,False,248.7962140000377,3.887440843750589
Q/ASL_Q_030.jpg,Q,16,16,Q,0.9839318990707396,True,248.7962140000377,3.887440843750589
R/ASL_R_001.jpg,R,17,17,R,0.9999687671661376,True,248.7962140000377,3.887440843750589
R/ASL_R_002.jpg,R,17,17,R,0.9999666213989258,True,248.7962140000377,3.887440843750589
R/ASL_R_003.jpg,R,17,17,R,0.9996877908706664,True,248.3682829999907,3.880754421874855
R/ASL_R_004.jpg,R,17,17,R,0.999990940093994,True,248.3682829999907,3.880754421874855
R/ASL_R_005.jpg,R,17,17,R,0.9999772310256958,True,248.3682829999907,3.880754421874855
R/ASL_R_006.jpg,R,17,17,R,0.9999371767044068,True,248.3682829999907,3.880754421874855
R/ASL_R_007.jpg,R,17,17,R,0.9479587078094482,True,248.3682829999907,3.880754421874855
R/ASL_R_008.jpg,R,17,20,U,0.4110933542251587,False,248.3682829999907,3.880754421874855
R/ASL_R_009.jpg,R,17,17,R,0.697633683681488,True,248.3682829999907,3.880754421874855
R/ASL_R_010.jpg,R,17,17,R,0.9992504715919496,True,248.3682829999907,3.880754421874855
R/ASL_R_011.jpg,R,17,17,R,0.9167903661727904,True,248.3682829999907,3.880754421874855
R/ASL_R_012.jpg,R,17,13,N,0.4769989848136902,False,248.3682829999907,3.880754421874855
R/ASL_R_013.jpg,R,17,17,R,0.999669313430786,True,248.3682829999907,3.880754421874855
R/ASL_R_014.jpg,R,17,17,R,0.9998787641525269,True,248.3682829999907,3.880754421874855
R/ASL_R_015.jpg,R,17,23,X,0.7828599810600281,False,248.3682829999907,3.880754421874855
R/ASL_R_016.jpg,R,17,12,M,0.2053676098585128,False,248.3682829999907,3.880754421874855
R/ASL_R_017.jpg,R,17,17,R,0.5124617218971252,True,248.3682829999907,3.880754421874855
R/ASL_R_018.jpg,R,17,12,M,0.4998911917209625,False,248.3682829999907,3.880754421874855
R/ASL_R_019.jpg,R,17,12,M,0.645061194896698,False,248.3682829999907,3.880754421874855
R/ASL_R_020.jpg,R,17,27,nothing,0.2930723130702972,False,248.3682829999907,3.880754421874855
R/ASL_R_021.jpg,R,17,17,R,0.9968473315238952,True,248.3682829999907,3.880754421874855
R/ASL_R_022.jpg,R,17,17,R,0.9919958114624025,True,248.3682829999907,3.880754421874855
R/ASL_R_023.jpg,R,17,17,R,0.9921512603759766,True,248.3682829999907,3.880754421874855
R/ASL_R_024.png,R,17,12,M,0.9999997615814208,False,248.3682829999907,3.880754421874855
R/ASL_R_025.png,R,17,25,Z,0.3898897469043731,False,248.3682829999907,3.880754421874855
R/ASL_R_026.png,R,17,17,R,0.7898997068405151,True,248.3682829999907,3.880754421874855
R/ASL_R_027.png,R,17,22,W,0.5147902965545654,False,248.3682829999907,3.880754421874855
R/ASL_R_028.png,R,17,17,R,0.9991855025291444,True,248.3682829999907,3.880754421874855
R/ASL_R_029.png,R,17,17,R,0.4706096649169922,True,248.3682829999907,3.880754421874855
R/ASL_R_030.png,R,17,13,N,0.5606966018676758,False,248.3682829999907,3.880754421874855
S/ASL_S_001.jpg,S,18,18,S,0.6633862853050232,True,248.3682829999907,3.880754421874855
S/ASL_S_002.jpg,S,18,18,S,0.9762617349624634,True,248.3682829999907,3.880754421874855
S/ASL_S_003.jpg,S,18,18,S,0.7773813009262085,True,248.3682829999907,3.880754421874855
S/ASL_S_004.jpg,S,18,18,S,0.9790598154067992,True,248.3682829999907,3.880754421874855
S/ASL_S_005.jpg,S,18,8,I,0.4799067080020904,False,248.3682829999907,3.880754421874855
S/ASL_S_006.jpg,S,18,18,S,0.5564718842506409,True,248.3682829999907,3.880754421874855
S/ASL_S_007.jpg,S,18,22,W,0.4375959634780884,False,248.3682829999907,3.880754421874855
S/ASL_S_008.jpg,S,18,23,X,0.3326534330844879,False,248.3682829999907,3.880754421874855
S/ASL_S_009.jpg,S,18,13,N,0.7858378291130066,False,248.3682829999907,3.880754421874855
S/ASL_S_010.jpg,S,18,13,N,0.7315626740455627,False,248.3682829999907,3.880754421874855
S/ASL_S_011.jpg,S,18,26,delete,0.9383700489997864,False,248.3682829999907,3.880754421874855
S/ASL_S_012.jpg,S,18,26,delete,0.3841690719127655,False,248.3682829999907,3.880754421874855
S/ASL_S_013.jpg,S,18,13,N,0.5908930897712708,False,248.3682829999907,3.880754421874855
S/ASL_S_014.jpg,S,18,8,I,0.7272299528121948,False,248.3682829999907,3.880754421874855
S/ASL_S_015.jpg,S,18,8,I,0.7232516407966614,False,248.3682829999907,3.880754421874855
S/ASL_S_016.jpg,S,18,8,I,0.99478018283844,False,248.3682829999907,3.880754421874855
S/ASL_S_017.jpg,S,18,8,I,0.4198280572891235,False,248.3682829999907,3.880754421874855
S/ASL_S_018.jpg,S,18,23,X,0.7710084915161133,False,248.3682829999907,3.880754421874855
S/ASL_S_019.jpg,S,18,9,J,0.5140565633773804,False,248.3682829999907,3.880754421874855
S/ASL_S_020.jpg,S,18,22,W,0.3757687211036682,False,248.3682829999907,3.880754421874855
S/ASL_S_021.jpg,S,18,8,I,0.6156008243560791,False,248.3682829999907,3.880754421874855
S/ASL_S_022.jpg,S,18,22,W,0.9975711703300476,False,248.3682829999907,3.880754421874855
S/ASL_S_023.jpg,S,18,24,Y,0.4708197712898254,False,248.3682829999907,3.880754421874855
S/ASL_S_024.jpg,S,18,18,S,0.97935551404953,True,248.3682829999907,3.880754421874855
S/ASL_S_025.jpg,S,18,13,N,0.9195522665977478,False,248.3682829999907,3.880754421874855
S/ASL_S_026.jpg,S,18,27,nothing,0.7915911674499512,False,248.3682829999907,3.880754421874855
S/ASL_S_027.jpg,S,18,13,N,0.7778226733207703,False,248.3682829999907,3.880754421874855
S/ASL_S_028.jpg,S,18,12,M,0.9641962051391602,False,248.3682829999907,3.880754421874855
S/ASL_S_029.jpg,S,18,12,M,0.9744633436203004,False,248.3682829999907,3.880754421874855
S/ASL_S_030.jpg,S,18,27,nothing,0.7888616919517517,False,248.3682829999907,3.880754421874855
T/ASL_T_001.jpg,T,19,24,Y,0.8685513734817505,False,248.3682829999907,3.880754421874855
T/ASL_T_002.jpg,T,19,24,Y,0.4699409604072571,False,248.3682829999907,3.880754421874855
T/ASL_T_003.jpg,T,19,19,T,0.782850444316864,True,248.3682829999907,3.880754421874855
T/ASL_T_004.jpg,T,19,19,T,0.7856056094169617,True,248.3682829999907,3.880754421874855
T/ASL_T_005.jpg,T,19,24,Y,0.9178302884101868,False,248.3682829999907,3.880754421874855
T/ASL_T_006.jpg,T,19,24,Y,0.405908465385437,False,248.3682829999907,3.880754421874855
T/ASL_T_007.jpg,T,19,24,Y,0.9090902805328368,False,249.2857659999572,3.895090093749332
T/ASL_T_008.jpg,T,19,24,Y,0.9568673372268676,False,249.2857659999572,3.895090093749332
T/ASL_T_009.jpg,T,19,24,Y,0.8442175984382629,False,249.2857659999572,3.895090093749332
T/ASL_T_010.jpg,T,19,24,Y,0.5581703186035156,False,249.2857659999572,3.895090093749332
T/ASL_T_011.jpg,T,19,24,Y,0.8869087100028992,False,249.2857659999572,3.895090093749332
T/ASL_T_012.jpg,T,19,13,N,0.693259596824646,False,249.2857659999572,3.895090093749332
T/ASL_T_013.jpg,T,19,13,N,0.9173614382743835,False,249.2857659999572,3.895090093749332
T/ASL_T_014.jpg,T,19,24,Y,0.6738632321357727,False,249.2857659999572,3.895090093749332
T/ASL_T_015.jpg,T,19,13,N,0.5145666599273682,False,249.2857659999572,3.895090093749332
T/ASL_T_016.jpg,T,19,24,Y,0.4256671965122223,False,249.2857659999572,3.895090093749332
T/ASL_T_017.jpg,T,19,24,Y,0.6766197681427002,False,249.2857659999572,3.895090093749332
T/ASL_T_018.jpg,T,19,9,J,0.7858322262763977,False,249.2857659999572,3.895090093749332
T/ASL_T_019.jpg,T,19,27,nothing,0.4652190208435058,False,249.2857659999572,3.895090093749332
T/ASL_T_020.jpg,T,19,27,nothing,0.9552988409996032,False,249.2857659999572,3.895090093749332
T/ASL_T_021.jpg,T,19,24,Y,0.3320941925048828,False,249.2857659999572,3.895090093749332
T/ASL_T_022.jpg,T,19,27,nothing,0.7753373384475708,False,249.2857659999572,3.895090093749332
T/ASL_T_023.jpg,T,19,27,nothing,0.715384304523468,False,249.2857659999572,3.895090093749332
T/ASL_T_024.jpg,T,19,27,nothing,0.9923256635665894,False,249.2857659999572,3.895090093749332
T/ASL_T_025.jpg,T,19,27,nothing,0.986296534538269,False,249.2857659999572,3.895090093749332
T/ASL_T_026.jpg,T,19,19,T,0.9737663865089417,True,249.2857659999572,3.895090093749332
T/ASL_T_027.jpg,T,19,19,T,0.7743427157402039,True,249.2857659999572,3.895090093749332
T/ASL_T_028.jpg,T,19,9,J,0.9981112480163574,False,249.2857659999572,3.895090093749332
T/ASL_T_029.jpg,T,19,24,Y,0.9971143007278442,False,249.2857659999572,3.895090093749332
T/ASL_T_030.jpg,T,19,24,Y,0.9920855164527892,False,249.2857659999572,3.895090093749332
U/ASL_U_001.jpg,U,20,17,R,0.300537645816803,False,249.2857659999572,3.895090093749332
U/ASL_U_002.jpg,U,20,20,U,0.9406904578208924,True,249.2857659999572,3.895090093749332
U/ASL_U_003.jpg,U,20,20,U,0.8034976720809937,True,249.2857659999572,3.895090093749332
U/ASL_U_004.jpg,U,20,20,U,0.9562602043151855,True,249.2857659999572,3.895090093749332
U/ASL_U_005.jpg,U,20,20,U,0.9978844523429872,True,249.2857659999572,3.895090093749332
U/ASL_U_006.jpg,U,20,20,U,0.8770994544029236,True,249.2857659999572,3.895090093749332
U/ASL_U_007.jpg,U,20,20,U,0.9569110870361328,True,249.2857659999572,3.895090093749332
U/ASL_U_008.jpg,U,20,20,U,0.4666671454906463,True,249.2857659999572,3.895090093749332
U/ASL_U_009.jpg,U,20,20,U,0.8418460488319397,True,249.2857659999572,3.895090093749332
U/ASL_U_010.jpg,U,20,22,W,0.8371390700340271,False,249.2857659999572,3.895090093749332
U/ASL_U_011.jpg,U,20,22,W,0.5590379238128662,False,249.2857659999572,3.895090093749332
U/ASL_U_012.jpg,U,20,22,W,0.7700130343437195,False,249.2857659999572,3.895090093749332
U/ASL_U_013.jpg,U,20,22,W,0.9017080664634703,False,249.2857659999572,3.895090093749332
U/ASL_U_014.jpg,U,20,22,W,0.9941814541816713,False,249.2857659999572,3.895090093749332
U/ASL_U_015.jpg,U,20,20,U,0.816305935382843,True,249.2857659999572,3.895090093749332
U/ASL_U_016.jpg,U,20,27,nothing,0.8055887818336487,False,249.2857659999572,3.895090093749332
U/ASL_U_017.jpg,U,20,27,nothing,0.9999325275421144,False,249.2857659999572,3.895090093749332
U/ASL_U_018.jpg,U,20,27,nothing,0.9677115082740784,False,249.2857659999572,3.895090093749332
U/ASL_U_019.jpg,U,20,12,M,0.9617270231246948,False,249.2857659999572,3.895090093749332
U/ASL_U_020.jpg,U,20,12,M,0.7219321131706238,False,249.2857659999572,3.895090093749332
U/ASL_U_021.png,U,20,23,X,0.6278255581855774,False,249.2857659999572,3.895090093749332
U/ASL_U_022.png,U,20,17,R,0.5281541347503662,False,249.2857659999572,3.895090093749332
U/ASL_U_023.png,U,20,20,U,0.8389480710029602,True,249.2857659999572,3.895090093749332
U/ASL_U_024.png,U,20,20,U,0.5943613648414612,True,249.2857659999572,3.895090093749332
U/ASL_U_025.png,U,20,20,U,0.5815919041633606,True,249.2857659999572,3.895090093749332
U/ASL_U_026.png,U,20,17,R,0.6122564673423767,False,249.2857659999572,3.895090093749332
U/ASL_U_027.png,U,20,20,U,0.9942804574966432,True,249.2857659999572,3.895090093749332
U/ASL_U_028.png,U,20,17,R,0.8593841195106506,False,249.2857659999572,3.895090093749332
U/ASL_U_029.png,U,20,17,R,0.9993116855621338,False,249.2857659999572,3.895090093749332
U/ASL_U_030.png,U,20,20,U,0.3389469385147095,True,249.2857659999572,3.895090093749332
V/ASL_V_001.jpg,V,21,10,K,0.9843408465385436,False,249.2857659999572,3.895090093749332
V/ASL_V_002.jpg,V,21,10,K,0.791802167892456,False,249.2857659999572,3.895090093749332
V/ASL_V_003.jpg,V,21,22,W,0.7909780144691467,False,249.2857659999572,3.895090093749332
V/ASL_V_004.jpg,V,21,10,K,0.9332009553909302,False,249.2857659999572,3.895090093749332
V/ASL_V_005.jpg,V,21,10,K,0.8685979247093201,False,249.2857659999572,3.895090093749332
V/ASL_V_006.jpg,V,21,21,V,0.6705842614173889,True,249.2857659999572,3.895090093749332
V/ASL_V_007.jpg,V,21,10,K,0.8149781823158264,False,249.2857659999572,3.895090093749332
V/ASL_V_008.jpg,V,21,22,W,0.9204775094985962,False,249.2857659999572,3.895090093749332
V/ASL_V_009.jpg,V,21,10,K,0.5689877271652222,False,249.2857659999572,3.895090093749332
V/ASL_V_010.jpg,V,21,10,K,0.785209596157074,False,249.2857659999572,3.895090093749332
V/ASL_V_011.jpg,V,21,10,K,0.970645546913147,False,250.08373399998615,3.907558343749784
V/ASL_V_012.jpg,V,21,22,W,0.9761333465576172,False,250.08373399998615,3.907558343749784
V/ASL_V_013.jpg,V,21,22,W,0.99816232919693,False,250.08373399998615,3.907558343749784
V/ASL_V_014.jpg,V,21,22,W,0.9981465339660645,False,250.08373399998615,3.907558343749784
V/ASL_V_015.jpg,V,21,22,W,0.6570747494697571,False,250.08373399998615,3.907558343749784
V/ASL_V_016.jpg,V,21,10,K,0.683363139629364,False,250.08373399998615,3.907558343749784
V/ASL_V_017.jpg,V,21,10,K,0.994520664215088,False,250.08373399998615,3.907558343749784
V/ASL_V_018.jpg,V,21,10,K,0.9840388894081116,False,250.08373399998615,3.907558343749784
V/ASL_V_019.jpg,V,21,10,K,0.9992021918296814,False,250.08373399998615,3.907558343749784
V/ASL_V_020.jpg,V,21,27,nothing,0.9995367527008056,False,250.08373399998615,3.907558343749784
V/ASL_V_021.png,V,21,10,K,0.9741190671920776,False,250.08373399998615,3.907558343749784
V/ASL_V_022.png,V,21,17,R,0.8769640922546387,False,250.08373399998615,3.907558343749784
V/ASL_V_023.png,V,21,10,K,0.8978678584098816,False,250.08373399998615,3.907558343749784
V/ASL_V_024.png,V,21,21,V,0.8595376014709473,True,250.08373399998615,3.907558343749784
V/ASL_V_025.png,V,21,12,M,0.5472522974014282,False,250.08373399998615,3.907558343749784
V/ASL_V_026.png,V,21,21,V,0.8429945111274719,True,250.08373399998615,3.907558343749784
V/ASL_V_027.png,V,21,21,V,0.4392721951007843,True,250.08373399998615,3.907558343749784
V/ASL_V_028.png,V,21,22,W,0.6964234113693237,False,250.08373399998615,3.907558343749784
V/ASL_V_029.png,V,21,10,K,0.9073104858398438,False,250.08373399998615,3.907558343749784
V/ASL_V_030.png,V,21,23,X,0.3658401668071747,False,250.08373399998615,3.907558343749784
W/ASL_W_001.jpg,W,22,22,W,1.0,True,250.08373399998615,3.907558343749784
W/ASL_W_002.jpg,W,22,22,W,0.9999845027923584,True,250.08373399998615,3.907558343749784
W/ASL_W_003.jpg,W,22,22,W,1.0,True,250.08373399998615,3.907558343749784
W/ASL_W_004.jpg,W,22,22,W,0.9999996423721312,True,250.08373399998615,3.907558343749784
W/ASL_W_005.jpg,W,22,22,W,0.9999991655349731,True,250.08373399998615,3.907558343749784
W/ASL_W_006.jpg,W,22,22,W,1.0,True,250.08373399998615,3.907558343749784
W/ASL_W_007.jpg,W,22,22,W,0.9999992847442628,True,250.08373399998615,3.907558343749784
W/ASL_W_008.jpg,W,22,22,W,0.999998927116394,True,250.08373399998615,3.907558343749784
W/ASL_W_009.jpg,W,22,22,W,0.9999970197677612,True,250.08373399998615,3.907558343749784
W/ASL_W_010.jpg,W,22,22,W,0.9999980926513672,True,250.08373399998615,3.907558343749784
W/ASL_W_011.jpg,W,22,22,W,0.9999998807907104,True,250.08373399998615,3.907558343749784
W/ASL_W_012.jpg,W,22,22,W,1.0,True,250.08373399998615,3.907558343749784
W/ASL_W_013.jpg,W,22,22,W,0.999998927116394,True,250.08373399998615,3.907558343749784
W/ASL_W_014.jpg,W,22,22,W,1.0,True,250.08373399998615,3.907558343749784
W/ASL_W_015.jpg,W,22,22,W,0.9999895095825196,True,250.08373399998615,3.907558343749784
W/ASL_W_016.jpg,W,22,27,nothing,0.9978103041648864,False,250.08373399998615,3.907558343749784
W/ASL_W_017.jpg,W,22,22,W,0.9762998223304749,True,250.08373399998615,3.907558343749784
W/ASL_W_018.jpg,W,22,22,W,0.965427815914154,True,250.08373399998615,3.907558343749784
W/ASL_W_019.jpg,W,22,27,nothing,0.993835985660553,False,250.08373399998615,3.907558343749784
W/ASL_W_020.jpg,W,22,27,nothing,0.9967185854911804,False,250.08373399998615,3.907558343749784
W/ASL_W_021.png,W,22,22,W,0.996728777885437,True,250.08373399998615,3.907558343749784
W/ASL_W_022.png,W,22,22,W,1.0,True,250.08373399998615,3.907558343749784
W/ASL_W_023.png,W,22,22,W,0.9997645020484924,True,250.08373399998615,3.907558343749784
W/ASL_W_024.png,W,22,22,W,0.9659332633018494,True,250.08373399998615,3.907558343749784
W/ASL_W_025.png,W,22,13,N,0.6297467947006226,False,250.08373399998615,3.907558343749784
W/ASL_W_026.png,W,22,12,M,0.8789801001548767,False,250.08373399998615,3.907558343749784
W/ASL_W_027.png,W,22,22,W,0.7188527584075928,True,250.08373399998615,3.907558343749784
W/ASL_W_028.png,W,22,22,W,0.9999997615814208,True,250.08373399998615,3.907558343749784
W/ASL_W_029.png,W,22,12,M,0.4326734542846679,False,250.08373399998615,3.907558343749784
W/ASL_W_030.png,W,22,10,K,0.8525471687316895,False,250.08373399998615,3.907558343749784
X/ASL_X_001.jpg,X,23,23,X,0.9792048335075378,True,250.08373399998615,3.907558343749784
X/ASL_X_002.jpg,X,23,23,X,0.9054714441299438,True,250.08373399998615,3.907558343749784
X/ASL_X_003.jpg,X,23,20,U,0.4246560335159302,False,250.08373399998615,3.907558343749784
X/ASL_X_004.jpg,X,23,23,X,0.439211755990982,True,250.08373399998615,3.907558343749784
X/ASL_X_005.jpg,X,23,17,R,0.8306397199630737,False,250.08373399998615,3.907558343749784
X/ASL_X_006.jpg,X,23,17,R,0.9975234866142272,False,250.08373399998615,3.907558343749784
X/ASL_X_007.jpg,X,23,25,Z,0.876862645149231,False,250.08373399998615,3.907558343749784
X/ASL_X_008.jpg,X,23,17,R,0.9553136229515076,False,250.08373399998615,3.907558343749784
X/ASL_X_009.jpg,X,23,23,X,0.5043128728866577,True,250.08373399998615,3.907558343749784
X/ASL_X_010.jpg,X,23,17,R,0.9958115816116332,False,250.08373399998615,3.907558343749784
X/ASL_X_011.jpg,X,23,21,V,0.5306410789489746,False,250.08373399998615,3.907558343749784
X/ASL_X_012.jpg,X,23,17,R,0.3390022218227386,False,250.08373399998615,3.907558343749784
X/ASL_X_013.jpg,X,23,27,nothing,0.9997760653495787,False,250.08373399998615,3.907558343749784
X/ASL_X_014.jpg,X,23,17,R,0.5047890543937683,False,250.08373399998615,3.907558343749784
X/ASL_X_015.jpg,X,23,17,R,0.873738706111908,False,250.44378299998016,3.91318410937469
X/ASL_X_016.jpg,X,23,17,R,0.9784950613975524,False,250.44378299998016,3.91318410937469
X/ASL_X_017.jpg,X,23,17,R,0.8091663122177124,False,250.44378299998016,3.91318410937469
X/ASL_X_018.jpg,X,23,25,Z,0.7125166654586792,False,250.44378299998016,3.91318410937469
X/ASL_X_019.jpg,X,23,23,X,0.390852689743042,True,250.44378299998016,3.91318410937469
X/ASL_X_020.jpg,X,23,17,R,0.9714314937591552,False,250.44378299998016,3.91318410937469
X/ASL_X_021.png,X,23,8,I,0.5467959046363831,False,250.44378299998016,3.91318410937469
X/ASL_X_022.png,X,23,17,R,0.9991056323051452,False,250.44378299998016,3.91318410937469
X/ASL_X_023.png,X,23,17,R,0.7879599332809448,False,250.44378299998016,3.91318410937469
X/ASL_X_024.png,X,23,17,R,0.9988835453987122,False,250.44378299998016,3.91318410937469
X/ASL_X_025.png,X,23,17,R,0.4522900879383087,False,250.44378299998016,3.91318410937469
X/ASL_X_026.png,X,23,16,Q,0.2522771656513214,False,250.44378299998016,3.91318410937469
X/ASL_X_027.png,X,23,22,W,0.6225848197937012,False,250.44378299998016,3.91318410937469
X/ASL_X_028.png,X,23,28,space,0.7157681584358215,False,250.44378299998016,3.91318410937469
X/ASL_X_029.png,X,23,27,nothing,0.9956183433532716,False,250.44378299998016,3.91318410937469
X/ASL_X_030.png,X,23,8,I,0.2805814146995544,False,250.44378299998016,3.91318410937469
Y/ASL_Y_001.jpg,Y,24,24,Y,0.825070321559906,True,250.44378299998016,3.91318410937469
Y/ASL_Y_002.jpg,Y,24,24,Y,0.9840028882026672,True,250.44378299998016,3.91318410937469
Y/ASL_Y_003.jpg,Y,24,24,Y,0.999420166015625,True,250.44378299998016,3.91318410937469
Y/ASL_Y_004.jpg,Y,24,24,Y,0.9895349144935608,True,250.44378299998016,3.91318410937469
Y/ASL_Y_005.jpg,Y,24,24,Y,0.9988752007484436,True,250.44378299998016,3.91318410937469
Y/ASL_Y_006.jpg,Y,24,24,Y,0.9998286962509156,True,250.44378299998016,3.91318410937469
Y/ASL_Y_007.jpg,Y,24,24,Y,0.9745200276374816,True,250.44378299998016,3.91318410937469
Y/ASL_Y_008.jpg,Y,24,24,Y,0.9990622401237488,True,250.44378299998016,3.91318410937469
Y/ASL_Y_009.jpg,Y,24,24,Y,0.9999932050704956,True,250.44378299998016,3.91318410937469
Y/ASL_Y_010.jpg,Y,24,24,Y,0.9999911785125732,True,250.44378299998016,3.91318410937469
Y/ASL_Y_011.jpg,Y,24,24,Y,0.999880313873291,True,250.44378299998016,3.91318410937469
Y/ASL_Y_012.jpg,Y,24,24,Y,0.9992511868476868,True,250.44378299998016,3.91318410937469
Y/ASL_Y_013.jpg,Y,24,24,Y,0.8955928683280945,True,250.44378299998016,3.91318410937469
Y/ASL_Y_014.jpg,Y,24,24,Y,0.9983394145965576,True,250.44378299998016,3.91318410937469
Y/ASL_Y_015.jpg,Y,24,24,Y,0.9999794960021972,True,250.44378299998016,3.91318410937469
Y/ASL_Y_016.jpg,Y,24,24,Y,0.999919891357422,True,250.44378299998016,3.91318410937469
Y/ASL_Y_017.jpg,Y,24,24,Y,0.9999278783798218,True,250.44378299998016,3.91318410937469
Y/ASL_Y_018.jpg,Y,24,24,Y,0.9999921321868896,True,250.44378299998016,3.91318410937469
Y/ASL_Y_019.jpg,Y,24,24,Y,0.9989342093467712,True,250.44378299998016,3.91318410937469
Y/ASL_Y_020.jpg,Y,24,24,Y,0.9999338388442992,True,250.44378299998016,3.91318410937469
Y/ASL_Y_021.png,Y,24,27,nothing,0.9017729759216307,False,250.44378299998016,3.91318410937469
Y/ASL_Y_022.png,Y,24,24,Y,0.999968647956848,True,250.44378299998016,3.91318410937469
Y/ASL_Y_023.png,Y,24,24,Y,0.9990912675857544,True,250.44378299998016,3.91318410937469
Y/ASL_Y_024.png,Y,24,24,Y,0.9998146891593932,True,250.44378299998016,3.91318410937469
Y/ASL_Y_025.png,Y,24,24,Y,0.9959487915039062,True,250.44378299998016,3.91318410937469
Y/ASL_Y_026.png,Y,24,24,Y,0.9998986721038818,True,250.44378299998016,3.91318410937469
Y/ASL_Y_027.png,Y,24,24,Y,0.98399156332016,True,250.44378299998016,3.91318410937469
Y/ASL_Y_028.png,Y,24,10,K,0.6890637278556824,False,250.44378299998016,3.91318410937469
Y/ASL_Y_029.png,Y,24,24,Y,0.999491810798645,True,250.44378299998016,3.91318410937469
Y/ASL_Y_030.png,Y,24,24,Y,0.997074007987976,True,250.44378299998016,3.91318410937469
Z/ASL_Z_001.jpg,Z,25,13,N,0.7584055662155151,False,250.44378299998016,3.91318410937469
Z/ASL_Z_002.jpg,Z,25,13,N,0.9783741235733032,False,250.44378299998016,3.91318410937469
Z/ASL_Z_003.jpg,Z,25,13,N,0.6565830707550049,False,250.44378299998016,3.91318410937469
Z/ASL_Z_004.jpg,Z,25,13,N,0.948541522026062,False,250.44378299998016,3.91318410937469
Z/ASL_Z_005.jpg,Z,25,13,N,0.96928733587265,False,250.44378299998016,3.91318410937469
Z/ASL_Z_006.jpg,Z,25,16,Q,0.863465428352356,False,250.44378299998016,3.91318410937469
Z/ASL_Z_007.jpg,Z,25,13,N,0.7588013410568237,False,250.44378299998016,3.91318410937469
Z/ASL_Z_008.jpg,Z,25,17,R,0.8758233189582825,False,250.44378299998016,3.91318410937469
Z/ASL_Z_009.jpg,Z,25,25,Z,0.9150221347808838,True,250.44378299998016,3.91318410937469
Z/ASL_Z_010.jpg,Z,25,25,Z,0.9970245957374572,True,250.44378299998016,3.91318410937469
Z/ASL_Z_011.jpg,Z,25,13,N,0.8980140686035156,False,250.44378299998016,3.91318410937469
Z/ASL_Z_012.jpg,Z,25,25,Z,0.6004838943481445,True,250.44378299998016,3.91318410937469
Z/ASL_Z_013.jpg,Z,25,25,Z,0.3767049610614776,True,250.44378299998016,3.91318410937469
Z/ASL_Z_014.jpg,Z,25,13,N,0.8637465238571167,False,250.44378299998016,3.91318410937469
Z/ASL_Z_015.jpg,Z,25,25,Z,0.837364673614502,True,250.44378299998016,3.91318410937469
Z/ASL_Z_016.jpg,Z,25,13,N,0.4958933889865875,False,250.44378299998016,3.91318410937469
Z/ASL_Z_017.jpg,Z,25,25,Z,0.9999268054962158,True,250.44378299998016,3.91318410937469
Z/ASL_Z_018.jpg,Z,25,25,Z,0.9880515336990356,True,250.44378299998016,3.91318410937469
Z/ASL_Z_019.jpg,Z,25,25,Z,0.9998462200164796,True,251.55718299998853,3.9305809843748207
Z/ASL_Z_020.jpg,Z,25,25,Z,0.9999850988388062,True,251.55718299998853,3.9305809843748207
Z/ASL_Z_021.png,Z,25,12,M,0.9999959468841552,False,251.55718299998853,3.9305809843748207
Z/ASL_Z_022.png,Z,25,26,delete,0.503349244594574,False,251.55718299998853,3.9305809843748207
Z/ASL_Z_023.png,Z,25,23,X,0.7716851234436035,False,251.55718299998853,3.9305809843748207
Z/ASL_Z_024.png,Z,25,10,K,0.7856688499450684,False,251.55718299998853,3.9305809843748207
Z/ASL_Z_025.png,Z,25,25,Z,0.5207740068435669,True,251.55718299998853,3.9305809843748207
Z/ASL_Z_026.png,Z,25,13,N,0.9954392313957214,False,251.55718299998853,3.9305809843748207
Z/ASL_Z_027.png,Z,25,17,R,0.9584555625915528,False,251.55718299998853,3.9305809843748207
Z/ASL_Z_028.png,Z,25,17,R,0.9613760709762572,False,251.55718299998853,3.9305809843748207
Z/ASL_Z_029.png,Z,25,23,X,0.3564545810222626,False,251.55718299998853,3.9305809843748207
Z/ASL_Z_030.png,Z,25,17,R,0.8152400255203247,False,251.55718299998853,3.9305809843748207
del/ASL_DEL_001.jpg,delete,26,1,B,0.548453152179718,False,251.55718299998853,3.9305809843748207
del/ASL_DEL_002.jpg,delete,26,13,N,0.970869779586792,False,251.55718299998853,3.9305809843748207
del/ASL_DEL_003.jpg,delete,26,13,N,0.9778594970703124,False,251.55718299998853,3.9305809843748207
del/ASL_DEL_004.jpg,delete,26,1,B,0.2487825155258178,False,251.55718299998853,3.9305809843748207
del/ASL_DEL_005.jpg,delete,26,26,delete,0.7459149360656738,True,251.55718299998853,3.9305809843748207
del/ASL_DEL_006.jpg,delete,26,16,Q,0.941914975643158,False,251.55718299998853,3.9305809843748207
del/ASL_DEL_007.jpg,delete,26,13,N,0.403611958026886,False,251.55718299998853,3.9305809843748207
del/ASL_DEL_008.jpg,delete,26,13,N,0.9149370789527892,False,251.55718299998853,3.9305809843748207
del/ASL_DEL_009.jpg,delete,26,16,Q,0.3382229804992676,False,251.55718299998853,3.9305809843748207
del/ASL_DEL_010.jpg,delete,26,27,nothing,0.9758898615837096,False,251.55718299998853,3.9305809843748207
del/ASL_DEL_011.jpg,delete,26,26,delete,0.9638143181800842,True,251.55718299998853,3.9305809843748207
del/ASL_DEL_012.jpg,delete,26,26,delete,0.2435259222984314,True,251.55718299998853,3.9305809843748207
del/ASL_DEL_013.jpg,delete,26,26,delete,0.4411278367042541,True,251.55718299998853,3.9305809843748207
del/ASL_DEL_014.jpg,delete,26,13,N,0.3300559818744659,False,251.55718299998853,3.9305809843748207
del/ASL_DEL_015.jpg,delete,26,26,delete,0.4701738059520721,True,251.55718299998853,3.9305809843748207
del/ASL_DEL_016.jpg,delete,26,16,Q,0.5687711834907532,False,251.55718299998853,3.9305809843748207
del/ASL_DEL_017.jpg,delete,26,26,delete,0.90195894241333,True,251.55718299998853,3.9305809843748207
del/ASL_DEL_018.jpg,delete,26,16,Q,0.9766175746917723,False,251.55718299998853,3.9305809843748207
del/ASL_DEL_019.jpg,delete,26,27,nothing,0.9985781908035278,False,251.55718299998853,3.9305809843748207
del/ASL_DEL_020.jpg,delete,26,27,nothing,0.9991565942764282,False,251.55718299998853,3.9305809843748207
del/ASL_DEL_021.jpg,delete,26,26,delete,0.9999995231628418,True,251.55718299998853,3.9305809843748207
del/ASL_DEL_022.jpg,delete,26,26,delete,0.9999758005142212,True,251.55718299998853,3.9305809843748207
del/ASL_DEL_023.jpg,delete,26,26,delete,0.5893696546554565,True,251.55718299998853,3.9305809843748207
del/ASL_DEL_024.jpg,delete,26,27,nothing,0.9999905824661256,False,251.55718299998853,3.9305809843748207
del/ASL_DEL_025.jpg,delete,26,26,delete,0.995924949645996,True,251.55718299998853,3.9305809843748207
del/ASL_DEL_026.jpg,delete,26,26,delete,0.9150134325027466,True,251.55718299998853,3.9305809843748207
del/ASL_DEL_027.jpg,delete,26,26,delete,0.9901981353759766,True,251.55718299998853,3.9305809843748207
del/ASL_DEL_028.jpg,delete,26,26,delete,0.9999878406524658,True,251.55718299998853,3.9305809843748207
del/ASL_DEL_029.jpg,delete,26,26,delete,0.9999732971191406,True,251.55718299998853,3.9305809843748207
del/ASL_DEL_030.jpg,delete,26,26,delete,0.9999997615814208,True,251.55718299998853,3.9305809843748207
nothing/ASL_NOTHING_001.jpg,nothing,27,13,N,0.5691624283790588,False,251.55718299998853,3.9305809843748207
nothing/ASL_NOTHING_002.jpg,nothing,27,15,P,0.7826980948448181,False,251.55718299998853,3.9305809843748207
nothing/ASL_NOTHING_003.jpg,nothing,27,26,delete,0.337717056274414,False,251.55718299998853,3.9305809843748207
nothing/ASL_NOTHING_004.jpg,nothing,27,28,space,0.3434570729732513,False,251.55718299998853,3.9305809843748207
nothing/ASL_NOTHING_005.jpg,nothing,27,16,Q,0.929040253162384,False,251.55718299998853,3.9305809843748207
nothing/ASL_NOTHING_006.jpg,nothing,27,14,O,0.9824203252792358,False,251.55718299998853,3.9305809843748207
nothing/ASL_NOTHING_007.jpg,nothing,27,15,P,0.5148553848266602,False,251.55718299998853,3.9305809843748207
nothing/ASL_NOTHING_008.jpg,nothing,27,26,delete,0.5394288301467896,False,251.55718299998853,3.9305809843748207
nothing/ASL_NOTHING_009.jpg,nothing,27,13,N,0.6898719072341919,False,251.55718299998853,3.9305809843748207
nothing/ASL_NOTHING_010.jpg,nothing,27,27,nothing,0.9597966074943542,True,251.55718299998853,3.9305809843748207
nothing/ASL_NOTHING_011.jpg,nothing,27,27,nothing,0.9390629529953004,True,251.55718299998853,3.9305809843748207
nothing/ASL_NOTHING_012.jpg,nothing,27,6,G,0.2259157001972198,False,251.55718299998853,3.9305809843748207
nothing/ASL_NOTHING_013.jpg,nothing,27,27,nothing,0.9432629346847534,True,251.55718299998853,3.9305809843748207
nothing/ASL_NOTHING_014.jpg,nothing,27,18,S,0.8741831183433533,False,251.55718299998853,3.9305809843748207
nothing/ASL_NOTHING_015.jpg,nothing,27,27,nothing,0.2005702853202819,True,251.55718299998853,3.9305809843748207
nothing/ASL_NOTHING_016.jpg,nothing,27,27,nothing,0.1767085492610931,True,251.55718299998853,3.9305809843748207
nothing/ASL_NOTHING_017.jpg,nothing,27,16,Q,0.9981659054756165,False,251.55718299998853,3.9305809843748207
nothing/ASL_NOTHING_018.jpg,nothing,27,23,X,0.2186197340488433,False,251.55718299998853,3.9305809843748207
nothing/ASL_NOTHING_019.jpg,nothing,27,13,N,0.3333692550659179,False,251.55718299998853,3.9305809843748207
nothing/ASL_NOTHING_020.jpg,nothing,27,27,nothing,0.6288319826126099,True,251.55718299998853,3.9305809843748207
nothing/ASL_NOTHING_021.jpg,nothing,27,17,R,0.4994485974311828,False,251.55718299998853,3.9305809843748207
nothing/ASL_NOTHING_022.jpg,nothing,27,1,B,0.6424469947814941,False,251.55718299998853,3.9305809843748207
nothing/ASL_NOTHING_023.jpg,nothing,27,16,Q,0.1883177459239959,False,633.2965610000088,16.665698973684442
nothing/ASL_NOTHING_024.jpg,nothing,27,12,M,0.1547286361455917,False,633.2965610000088,16.665698973684442
nothing/ASL_NOTHING_025.jpg,nothing,27,27,nothing,1.0,True,633.2965610000088,16.665698973684442
nothing/ASL_NOTHING_026.jpg,nothing,27,27,nothing,0.4993637502193451,True,633.2965610000088,16.665698973684442
nothing/ASL_NOTHING_027.jpg,nothing,27,27,nothing,0.9999984502792358,True,633.2965610000088,16.665698973684442
nothing/ASL_NOTHING_028.jpg,nothing,27,27,nothing,0.9999996423721312,True,633.2965610000088,16.665698973684442
nothing/ASL_NOTHING_029.jpg,nothing,27,27,nothing,0.9929226636886596,True,633.2965610000088,16.665698973684442
nothing/ASL_NOTHING_030.jpg,nothing,27,27,nothing,0.9999979734420776,True,633.2965610000088,16.665698973684442
space/ASL_SPACE_001.jpg,space,28,28,space,0.8596137762069702,True,633.2965610000088,16.665698973684442
space/ASL_SPACE_002.jpg,space,28,28,space,0.9716121554374696,True,633.2965610000088,16.665698973684442
space/ASL_SPACE_003.jpg,space,28,1,B,0.4209650754928589,False,633.2965610000088,16.665698973684442
space/ASL_SPACE_004.jpg,space,28,28,space,0.84186851978302,True,633.2965610000088,16.665698973684442
space/ASL_SPACE_005.jpg,space,28,28,space,0.5329169631004333,True,633.2965610000088,16.665698973684442
space/ASL_SPACE_006.jpg,space,28,28,space,0.4559378027915954,True,633.2965610000088,16.665698973684442
space/ASL_SPACE_007.jpg,space,28,28,space,0.5731785297393799,True,633.2965610000088,16.665698973684442
space/ASL_SPACE_008.jpg,space,28,28,space,0.5815761685371399,True,633.2965610000088,16.665698973684442
space/ASL_SPACE_009.jpg,space,28,28,space,0.7596545219421387,True,633.2965610000088,16.665698973684442
space/ASL_SPACE_010.jpg,space,28,13,N,0.5406376123428345,False,633.2965610000088,16.665698973684442
space/ASL_SPACE_011.jpg,space,28,28,space,0.4879756569862366,True,633.2965610000088,16.665698973684442
space/ASL_SPACE_012.jpg,space,28,25,Z,0.1779732257127761,False,633.2965610000088,16.665698973684442
space/ASL_SPACE_013.jpg,space,28,1,B,0.5861623883247375,False,633.2965610000088,16.665698973684442
space/ASL_SPACE_014.jpg,space,28,28,space,0.4626887440681457,True,633.2965610000088,16.665698973684442
space/ASL_SPACE_015.jpg,space,28,28,space,0.944751799106598,True,633.2965610000088,16.665698973684442
space/ASL_SPACE_016.jpg,space,28,28,space,1.0,True,633.2965610000088,16.665698973684442
space/ASL_SPACE_017.jpg,space,28,28,space,1.0,True,633.2965610000088,16.665698973684442
space/ASL_SPACE_018.jpg,space,28,28,space,0.9999980926513672,True,633.2965610000088,16.665698973684442
space/ASL_SPACE_019.jpg,space,28,28,space,0.9997038245201112,True,633.2965610000088,16.665698973684442
space/ASL_SPACE_020.jpg,space,28,28,space,0.9999997615814208,True,633.2965610000088,16.665698973684442
space/ASL_SPACE_021.jpg,space,28,28,space,1.0,True,633.2965610000088,16.665698973684442
space/ASL_SPACE_022.jpg,space,28,28,space,0.9999986886978148,True,633.2965610000088,16.665698973684442
space/ASL_SPACE_023.jpg,space,28,28,space,0.9999655485153198,True,633.2965610000088,16.665698973684442
space/ASL_SPACE_024.jpg,space,28,28,space,0.9999936819076538,True,633.2965610000088,16.665698973684442
space/ASL_SPACE_025.jpg,space,28,28,space,1.0,True,633.2965610000088,16.665698973684442
space/ASL_SPACE_026.jpg,space,28,28,space,0.9999996423721312,True,633.2965610000088,16.665698973684442
space/ASL_SPACE_027.jpg,space,28,28,space,1.0,True,633.2965610000088,16.665698973684442
space/ASL_SPACE_028.jpg,space,28,28,space,0.9999977350234984,True,633.2965610000088,16.665698973684442
space/ASL_SPACE_029.jpg,space,28,28,space,0.9992908239364624,True,633.2965610000088,16.665698973684442
space/ASL_SPACE_030.jpg,space,28,28,space,0.8463628888130188,True,633.2965610000088,16.665698973684442
