dataset,relative_path,label,true_index,sha256
cross_domain,A/ASL_A_001.jpg,A,0,4c22cf21532007e15036d69e6d511ed050cea28eeb6bbb65488fe19dd70bba71
cross_domain,A/ASL_A_002.jpg,A,0,933b67da7cf17aa61f7e03ab3ba17d5b716d661a2f22b081097d4e9dc2621e40
cross_domain,A/ASL_A_003.jpg,A,0,3fdf32c4cac9ad0da5197c3e60e2601f8705c6c866875b748cfed55f96aea83d
cross_domain,A/ASL_A_004.jpg,A,0,c7818535bf2044cd23b0f5dd35a7582bd85054b493e34ee801cbe1bdc3feacc9
cross_domain,A/ASL_A_005.jpg,A,0,78ed23875740a490f29f23f2b9de37e747abf04222a5a11da803d50cb9842884
cross_domain,A/ASL_A_006.jpg,A,0,46cc66c3917738a4a92434ae5957949b94396ff314fca14ecafa0841a3dc2a86
cross_domain,A/ASL_A_007.jpg,A,0,18044e3310f4481cac7389f7dd9d018aebed9427678e2be9a4daa51c2ec690b0
cross_domain,A/ASL_A_008.jpg,A,0,d1a75fc4c160ffbb43f3cbcd0535294f51fc0d188083ed5641ff8f93369a08bf
cross_domain,A/ASL_A_009.jpg,A,0,edb18db664a5caafd3a392e84bff525f9db725368f257a186c8f7f7fa24cf795
cross_domain,A/ASL_A_010.jpg,A,0,eba49b0ddc79eea96ebe235a4016791821713b1cf97a681a962bf740c6d4cfe9
cross_domain,A/ASL_A_011.jpg,A,0,53f4a127eed06b577d298a6d217314dd66a9c706cc64a607ff36609e06850a23
cross_domain,A/ASL_A_012.jpg,A,0,1e1ba8380b1cdbb8d2a056642013fc40fda5879a09d3c36f1ebb6dfeea1100e7
cross_domain,A/ASL_A_013.jpg,A,0,54f1fd2558332fd8e74e3428a29bc8d186ae2f1132f939eebd2a098a8c988f43
cross_domain,A/ASL_A_014.jpg,A,0,aae8c61e18af84f7d75a23c52b2bdb0300c13376af8185fba7b06d79a00309a2
cross_domain,A/ASL_A_015.jpg,A,0,89b842ffe2d4f810a5201ba7e2caea1d1db17edd7f35dd68319ad80048ff5e86
cross_domain,A/ASL_A_016.jpg,A,0,4de06c5bf53047e6fb3907e785cfca486d53a598e48e01cbaf34298d7e0bbc3f
cross_domain,A/ASL_A_017.jpg,A,0,4a6002e77458fc74a8d41e549d0df86309d95ad2fabc2a6ff514f301d1e0dc6c
cross_domain,A/ASL_A_018.jpg,A,0,d0f5f73ac0f4a26fa76a6bc1d40a1c79776e73c6d7925f67c6dcc68629f5c922
cross_domain,A/ASL_A_019.jpg,A,0,1f8d127446031b44d8768ca25b1c71d3df1f4b2069da5d2e9cefe78780a33b7f
cross_domain,A/ASL_A_020.jpg,A,0,e796e6c3e2b221582c0c6956063cf9fd7f7210b4a60d68f5641f3c30fe885600
cross_domain,A/ASL_A_021.png,A,0,12e255a04b1428c81d18263302c26f8b17d303595c95f8237c162dab62f87e1f
cross_domain,A/ASL_A_022.png,A,0,82ccfb903afa97278f9757dd10b7c74858ad26afafe82049dc629be3bbcd45d1
cross_domain,A/ASL_A_023.png,A,0,f18b87449c3840d7b21dfc54d78e780922be6604733e8be6a1ee7f248a225539
cross_domain,A/ASL_A_024.png,A,0,cdee7a8b316d14fe32db73897d8c2c8703cb8e4bf291c4ad76858a3038292343
cross_domain,A/ASL_A_025.png,A,0,4f92a4fae98ba243487b1cf35afae660a5c672f493263aaa7e977696dd59d369
cross_domain,A/ASL_A_026.png,A,0,ea867d33f7259d012ffdcd0a2933f8134f321f748d0a5d4d18366f370b4a0e64
cross_domain,A/ASL_A_027.png,A,0,adc0d90fcbab4e90d3df2525971456278805563d3692a4bc23612327cb91eeb3
cross_domain,A/ASL_A_028.png,A,0,0c94c2c25b6b69438a2e95b01d4d7c6ea7ad95ed3539686227b75fe76d2027c0
cross_domain,A/ASL_A_029.png,A,0,6f4541f783c86e1e9225af6a9629b3e425cb8834dd0df85189b6f95bd6db075b
cross_domain,A/ASL_A_030.png,A,0,c1735501801d4d408fca47af35ddcf40b3cb5c9a9390a70ea7935bf252c3c8ad
cross_domain,B/ASL_B_001.jpg,B,1,b418b4d3b0297cbf2cd3bf4827eba4e60b5102ec80415a9666eb7f3a468a9a7e
cross_domain,B/ASL_B_002.jpg,B,1,0baf3e101494bd60855442750a2fb82fddd50150c749bcf0f8b3683ce3b5fb8f
cross_domain,B/ASL_B_003.jpg,B,1,0114429b0d99756d9f89eaf7be3df9435f37da83e88df92136e8b50ad320be6d
cross_domain,B/ASL_B_004.jpg,B,1,1085e355695d54bd2ef6ccc9a2c394f05d30bb384982cf33c7f306778ea452bd
cross_domain,B/ASL_B_005.jpg,B,1,a72d4dc3228dce2ef90fdec959648dd0edec8f48d5c6570f78bc44d290519367
cross_domain,B/ASL_B_006.jpg,B,1,50135618e5767b4974a598592bcbeb5894165890a94d66fcb9a1fdc33ced45c9
cross_domain,B/ASL_B_007.jpg,B,1,c934012f69b37ddeed774ac15587534cf37d91a72137ee4d47bfa44a76a4e53c
cross_domain,B/ASL_B_008.jpg,B,1,2e221c7017c2607f1c72cee54da43a554e5a6e5ca9b0b1b8c7a2544eb48fcf12
cross_domain,B/ASL_B_009.jpg,B,1,90f8030fc7c115d910bfd52032545168fa2c17da7c54b4df8d5de0c9fe557dbc
cross_domain,B/ASL_B_010.jpg,B,1,c65e71d7799e0b9ac094c509bc5fb89cebade97912ccf281f911de212c78713e
cross_domain,B/ASL_B_011.jpg,B,1,dac7224ef5a75dd772d04743b08867cfd5137444b01dd35460403a666d09f64f
cross_domain,B/ASL_B_012.jpg,B,1,25e700b48ff8070fe443f7ca2a7fdfef2749d9464ee64c6776574b0f924123dc
cross_domain,B/ASL_B_013.jpg,B,1,24cbba9e61b1638b65e150b4fc51f43bbbf3d89017bc64cad6cd39cb0b2ea761
cross_domain,B/ASL_B_014.jpg,B,1,b460d8dd711d5709599bcb1279088e34efc3c13326f1dab2fbfd2cfbeee63214
cross_domain,B/ASL_B_015.jpg,B,1,5f15eec369f4599635552a0e53a0aa02ebece210a02b985f3cb73b47584d0231
cross_domain,B/ASL_B_016.jpg,B,1,eb3d6da5c11776fd7da75a73dc5b7dac039d28d8e9b34ed9781c5647f5534c6b
cross_domain,B/ASL_B_017.jpg,B,1,1c877891994306e015515316e6ac5769313c34a568125542a116614ca144d526
cross_domain,B/ASL_B_018.jpg,B,1,b27c5316f60c7a8b1a3d67dffd70db7373c2f86800b556e1170c556b2078636e
cross_domain,B/ASL_B_019.jpg,B,1,b8fc8517449de7cd8075aca568afdd0a28ad681a2c4fd8717bee0b45e380e22f
cross_domain,B/ASL_B_020.jpg,B,1,2a64fabb48cfab282f2dba93a9d1535905d6ced7e10e493bb59a2abba07d73e8
cross_domain,B/ASL_B_021.png,B,1,762b16156f967eaaa2a76aba092e01e9dfdc32ad3d012efec6180ac544b751fd
cross_domain,B/ASL_B_022.png,B,1,6c0ad97fb610cf04a0ca086f7200f8401803ebce7549c81f70a45c2f69122965
cross_domain,B/ASL_B_023.png,B,1,ba5c60eeb5e9a4ca67aa663439c55b9c5e4e94e2a7c5ac660c6e927cf9eb521f
cross_domain,B/ASL_B_024.png,B,1,ce5ded61c33aaac5c784758cff7f3d7556007abbb544e1cbdd9e4d0473016517
cross_domain,B/ASL_B_025.png,B,1,84d611b0737f12560071d4de57781987214371520db0b02a2edd3d56c0d0547a
cross_domain,B/ASL_B_026.png,B,1,1eeac6917b0c830ad29a9d1c737b356fff2a3d9e2c097272b8b63a9ac28f0ee0
cross_domain,B/ASL_B_027.png,B,1,6f2c28dc08dc2dbad0cb584b65061c833792162699daa4a0f21a62200bcad957
cross_domain,B/ASL_B_028.png,B,1,2f6884817e46d2a5c34477edbdd1a694f14bebe57f9d1468bf3c36e76f78558c
cross_domain,B/ASL_B_029.png,B,1,433b9b1947fd2afd842c5a1b07467e065876ce5e2e92e5175a6494ea0d1a37d5
cross_domain,B/ASL_B_030.png,B,1,3a185caf0f939a922da6ab7ab76f3560aa01ec5475b8fe083ce4a507fff80e3f
cross_domain,C/ASL_C_001.jpg,C,2,1af7c090815dfeb2b6919436f329a8d2f5c11c1acdc9b048d1a7cb732dd3f314
cross_domain,C/ASL_C_002.jpg,C,2,cce807f3f0d771f57b79e362f1fd90a0092ba30cc65a6ce49dbf0afb705eb896
cross_domain,C/ASL_C_003.jpg,C,2,f3fe0fb4685bc67ec66d97b5e58cb7378a4345bedab45dd99a37918944827837
cross_domain,C/ASL_C_004.jpg,C,2,f1f953eabe1f3a2f53570753d1d34dfc3fefa748372077f15491962f476153f5
cross_domain,C/ASL_C_005.jpg,C,2,270f0af5cac20bff25aebceac5f022fc1f01a682b964766c253f0b967204fc45
cross_domain,C/ASL_C_006.jpg,C,2,039516bee03f14eec0cde52843dfe405cab7ce3b7c33b68e08d2f6cbd72e85a0
cross_domain,C/ASL_C_007.jpg,C,2,136fb390cfdbe89d942ce585aaad232661fdce63eeea45811f7bf241894d80c2
cross_domain,C/ASL_C_008.jpg,C,2,2a8ecaf3bce0ad733297140a13f9d741744da305bcbf895606000db2b0967cfa
cross_domain,C/ASL_C_009.jpg,C,2,fe0ed91513edc36d416dad190b19205604992363d376955732c594ff0185db1e
cross_domain,C/ASL_C_010.jpg,C,2,650dd0c9b727519bcc90350e97c27547e432bcf026badf8bab6b6a71f4853004
cross_domain,C/ASL_C_011.jpg,C,2,75adee28f63f4d4d16ab3dd677cc69487f8860fd17fa07b568394de1be14445b
cross_domain,C/ASL_C_012.jpg,C,2,d56f47da4ac0774d333dfd5b9c92d085eccd3142f8d1c45b0b5dbd1955d85352
cross_domain,C/ASL_C_013.jpg,C,2,fe02a1aa135a27fa7d657322eab3262432590aaf7f3d452d914acca1f785ddf0
cross_domain,C/ASL_C_014.jpg,C,2,54629adc0b94d81c765417e8a63f203a795fad41fa2786a24c56255d6664e84d
cross_domain,C/ASL_C_015.jpg,C,2,f5d173921ef09cece3096db9475bb1903a74640107babd51bc91a04df6b46b4f
cross_domain,C/ASL_C_016.jpg,C,2,75972516f2da32b2faeab8ed29a44bbf51585fce41f536ac1b0d472b830744b4
cross_domain,C/ASL_C_017.jpg,C,2,8a364509e5f488945bc5b9acdce89ba1d1753dc199cd4e099cf3f9aa6e12a860
cross_domain,C/ASL_C_018.jpg,C,2,f531ade19485f557f4258ac0728f36317a9c0e3bb62f26c34d81d76d4da00138
cross_domain,C/ASL_C_019.jpg,C,2,1e33b1ae09f53716a4a7fa92fe78bb0b6a018b1bb9b5b6000c6d721b4e0b5552
cross_domain,C/ASL_C_020.jpg,C,2,78f8555d781d06bf54e9d3d86c276396845382e0ee2567d36fd1a11349f46f31
cross_domain,C/ASL_C_021.png,C,2,cd53d73bc0e0e1924e9f66794688b8607c63fcd74ec770200b5d5bdd3a89e21e
cross_domain,C/ASL_C_022.png,C,2,93ab0509367c960d1961f7ebe559e2c0753e1da684374bbf468990f5b4963ae3
cross_domain,C/ASL_C_023.png,C,2,384c7c8d02aab0074e61ce0dbffbe96fad55a1e280f03ec5dfaefb8875d25201
cross_domain,C/ASL_C_024.png,C,2,ec68a4b903790196560474a91962f0284f30e02c3864c402726a909ddb0d3e67
cross_domain,C/ASL_C_025.png,C,2,fbe020c97f1a2d4ee21e97a8525b465bb17cbd414eefc7640835ed3430d8c2be
cross_domain,C/ASL_C_026.png,C,2,2f40d10de29771c2de44df1de28b04bb68b7eccf8f8067d35fab8b47e62b5fb7
cross_domain,C/ASL_C_027.png,C,2,332284392061bc4de7fa779ba5e51283fc45ae3986937bda74917cc48ba0e2dc
cross_domain,C/ASL_C_028.png,C,2,f49f65fe7f4cd333988b86a75faf3e0f301cbf5aea9428c04ac492b55a1aa283
cross_domain,C/ASL_C_029.png,C,2,ebab16614dc50fca9c5f3a5aef13a6779079c95a9478772fced58463b5b84e92
cross_domain,C/ASL_C_030.png,C,2,60124c721ef87de0594bbb9bdb29ca8cd2b534c37a717f45668a4a22acf3106b
cross_domain,D/ASL_D_001.jpg,D,3,b9694a484f19b1f1743f134857a883479f54d497740287dcd435ef41534e00c3
cross_domain,D/ASL_D_002.jpg,D,3,c2c581e63acc4295238ba042fabf96f78520789bd559d01dca98505d687cb2ee
cross_domain,D/ASL_D_003.jpg,D,3,b20d8fc67ad1c5f0529093ca12b30472f2758b11e365adcd03868d8d7203a47d
cross_domain,D/ASL_D_004.jpg,D,3,19cfbba26a2f6f6f88159bfa4c0b18495f693e76c0f733572e51a5660ba9dbcf
cross_domain,D/ASL_D_005.jpg,D,3,81ce8c8543c54163075ed0b9e0e6284182d173b5bc2a304618c430038f25ec4c
cross_domain,D/ASL_D_006.jpg,D,3,8899ec6ecbc5f3bb7916ef88828363cb58496a581f632a18777cc668ba144b25
cross_domain,D/ASL_D_007.jpg,D,3,4e352fe008b020fca4a1e300b27c81fb3a9c422c26ac5ed9ff7e730cb91f2435
cross_domain,D/ASL_D_008.jpg,D,3,6978d1787a7ed05c0e4e4d0a95300b161fbd750cd048d509361297290798d924
cross_domain,D/ASL_D_009.jpg,D,3,049de9d1c774aa88914e4048bd58dd89c7fdddab1875dc94766a9b04d6f315a7
cross_domain,D/ASL_D_010.jpg,D,3,5728738401fb8fa43d821ac2a580de44bcc70604026a2a73b9495f97e5f1ce68
cross_domain,D/ASL_D_011.jpg,D,3,804bfbd9354f0c6bab697ae536b5f547a3c4482ac37094abc3217951dccf775d
cross_domain,D/ASL_D_012.jpg,D,3,a710a1afc1dcb19675632fe62820db16dd87b59c599d73ccbc05b9c3c26ab22a
cross_domain,D/ASL_D_013.jpg,D,3,58bf26cb12ecef96e1efff8f3084ce42ca29295bc269a321e966f54b2be2a2ed
cross_domain,D/ASL_D_014.jpg,D,3,06d3f7e9fc1f010e02a9e5fed45e7c7dbf230dcd4bf77ca867bb63eba7f28a01
cross_domain,D/ASL_D_015.jpg,D,3,ba474909f8e546064ffde981e323d55eb3573135a770dc38b777610bd39d790c
cross_domain,D/ASL_D_016.jpg,D,3,4a22afb520cf1354779809109205ffe4ee965371c4b1aef6e80c3872656f4cb6
cross_domain,D/ASL_D_017.jpg,D,3,a2b787f2e9be4891fe9fd5b938e0506a3dbd46d690952720be11787beee42097
cross_domain,D/ASL_D_018.jpg,D,3,51dcb3b51f3dbcc413009afd373f13c4abea6bfbd254d8912d2084c73cf01b90
cross_domain,D/ASL_D_019.jpg,D,3,e3be73914b8550580b2575e2bb7b83a6debaeab591324f5bb3c74aa2e7522ae9
cross_domain,D/ASL_D_020.jpg,D,3,b81303430c3ed387b6ece13aa08475225d0a5a651f43baa87a308ab3525088c9
cross_domain,D/ASL_D_021.jpg,D,3,2386a3f1f7895bd3a0b7f229ce737897dd4399cf33848a4c6cdfda2ba11e4e13
cross_domain,D/ASL_D_022.jpg,D,3,f0464911387b1f94d3f3e69c114261e9634e0c4f582fe24e3c6586e1a1c3b49c
cross_domain,D/ASL_D_023.jpg,D,3,c2d063adbf69a4136a6f6c0c3dae39a08f78c8d9c3105feb681d437afc5a5a92
cross_domain,D/ASL_D_024.jpg,D,3,415f7349bd92947d328766d07df187d36178046f255950141c84c314b7d81cc8
cross_domain,D/ASL_D_025.png,D,3,0c35c7bdd7c3e96e755f7b3cca1b9abc4a03f0e2e0a11fd87fff60f9fbc48c0d
cross_domain,D/ASL_D_026.png,D,3,b43a47147b45b6999aa83a2bdece1068c31d8adf853f4c77de566d00caa1efcb
cross_domain,D/ASL_D_027.png,D,3,f865ea4a51d92e15344813ea469a6b189d72bdbd626d95dd1f1a6840b02cfe35
cross_domain,D/ASL_D_028.png,D,3,48b533cfbc71713ffe81f83e39c882166ddf09008d239f657b6f465beafd2041
cross_domain,D/ASL_D_029.png,D,3,6a54a7f95a84287e62f57ddfc7cae49d5c7d5ad3e058c8ffe091bd6a54ea86e0
cross_domain,D/ASL_D_030.png,D,3,d8f9895f91aee4435ed78daeee1039b11dbd57c66b9301b49fb29621105bae2c
cross_domain,E/ASL_E_001.jpg,E,4,4e2939d3e6a235b7b1e9c9db49ab44bd8644819edc84f3b814342b8996a2ebd2
cross_domain,E/ASL_E_002.jpg,E,4,b29695cd99e3a9c6e6932901545b5447a7080373a18d17a4a8524dbbc07d665d
cross_domain,E/ASL_E_003.jpg,E,4,ede07477a509968d9beaf05f50575192ae1af81dbd756ecbeac06bedf55a5dd5
cross_domain,E/ASL_E_004.jpg,E,4,72bca3822a268dc087b661f5b0d84a0b35bc116a08a62fc2194066a0fd9c8713
cross_domain,E/ASL_E_005.jpg,E,4,c8f6a2a207f45f72ed56d252cb375724b4a9969e5f299de9969e1b3fb15c219f
cross_domain,E/ASL_E_006.jpg,E,4,b9950796aabc0f857b82ba252acb2ed7faf3cf422920df0b780897e73d55f3a2
cross_domain,E/ASL_E_007.jpg,E,4,eef563fae607776b600331e5dd328317668fd79dde3c2f2cb08b40f7670b1599
cross_domain,E/ASL_E_008.jpg,E,4,3e913ce60e89b3171c2a6c4ab0caaf42cff0204fc1428a6d51a0df66c182f098
cross_domain,E/ASL_E_009.jpg,E,4,5f337b45556f5009c1dc520d8ee3e04356d9da8186401aef679e286d9948bf10
cross_domain,E/ASL_E_010.jpg,E,4,7733d40968234f4d114cf2c1cee39d2b6e10f8664f70c0b19b093ee36e1c20c3
cross_domain,E/ASL_E_011.jpg,E,4,707208c2208115a9641d9a6d5d89a2920ebb6815f300005bc2b772b3cbf04b3f
cross_domain,E/ASL_E_012.jpg,E,4,16e11b958477068669b2852bf326367555f105f16e604dd48861ac76c619dd46
cross_domain,E/ASL_E_013.jpg,E,4,e449e20a2c31a55c0e85ba457e26cb77c619a020cf7c8b928da3ebcfa9f1b8a9
cross_domain,E/ASL_E_014.jpg,E,4,45562414bcf7cdbfa88ae3f07f9918f1947ce3d9dea36fb0b1cd1dd01f0225b5
cross_domain,E/ASL_E_015.jpg,E,4,b3894188dbd6e495f659ca10e4b805d4ddb49124f5bdc00bac30b9ae1a82672c
cross_domain,E/ASL_E_016.jpg,E,4,0c0f459283aa96fa1a910a1fd434ef8cfbe1a0635f98ba04413d6bb1c84f6548
cross_domain,E/ASL_E_017.jpg,E,4,d15bee940f36f4bd6a4ee6727124a2702151b85fffe293e86caa5f10c2be5551
cross_domain,E/ASL_E_018.jpg,E,4,173bd6eb3aac493ae3b6dce8c5da4f1cee8ff62274342fb913729a01e21dec91
cross_domain,E/ASL_E_019.jpg,E,4,1c107845d7332a06191bc992311cd8b96df0478f7f897a3e0bcb3485184db6d6
cross_domain,E/ASL_E_020.jpg,E,4,df0685bd3121e179ddb31fb2c41635413d98b91e581202bca7439be62dbbaa5d
cross_domain,E/ASL_E_021.png,E,4,e61a1f573f02f992ecca819d37da862908b87c8cd1f59c4098d477c997632462
cross_domain,E/ASL_E_022.png,E,4,482db448ae9b11a11709ab94b0b1ee54ecf4f8ef88fe3365fbf1fdaf695dd933
cross_domain,E/ASL_E_023.png,E,4,55b7374145ed65f7410091a4386deb119a30a8800aa33534a341cece43a63fe8
cross_domain,E/ASL_E_024.png,E,4,8e32309eeccad8d9a00493ed0ca4ae68a100ba6b80642607c6880759a0617571
cross_domain,E/ASL_E_025.png,E,4,64e1cef387683e4d7b9cb47d8dbd2edc3f4680849bff19a6149970e10ce17e4a
cross_domain,E/ASL_E_026.png,E,4,247f9d478ad211ed441a61f11ff64c52303c722e8f4c30a94ca59a1423f81974
cross_domain,E/ASL_E_027.png,E,4,35e546aeca71bf6a8cee3e341f96c3f6409ef0824272420f652044451f1bd834
cross_domain,E/ASL_E_028.png,E,4,a03fb2cdafffca0c9356acf6ea2934463e4ef5d2b7508616fa85be4601c572bd
cross_domain,E/ASL_E_029.png,E,4,691247e750965a5491f42a7999e92db5aa2e1b6d95fd11c4110e88f39fec6b71
cross_domain,E/ASL_E_030.png,E,4,0528d433712db1e5b48c54fa040ac8db066a3508893713128c019e1be6b23561
cross_domain,F/ASL_F_001.jpg,F,5,2f2e177fff3da4c822abd213fdaa5e33011d543362de31d38f741f55184d6647
cross_domain,F/ASL_F_002.jpg,F,5,18a4ab085a969465d97d0ce896d13b4d695f88bb9bad38cd526840599fe62718
cross_domain,F/ASL_F_003.jpg,F,5,363d4fb53ca67bc1be1233c42b5696e9fede3a6952204ee703a8a76c67e5b715
cross_domain,F/ASL_F_004.jpg,F,5,909580540b00c7efae04f8ff2d6fd3d493b785c95fe652693207ff105b18e6c4
cross_domain,F/ASL_F_005.jpg,F,5,ab5187525096e87c34722eb232cf7d906809fbb5c53f54d99b6c62f314aa22b3
cross_domain,F/ASL_F_006.jpg,F,5,dceb688853be4e9ac980d3e446cff1b6912759f0ddb45b713a98260d548013c7
cross_domain,F/ASL_F_007.jpg,F,5,409de33ff9ca57f5b022c060b33a9c6c3599451c168613f6fd28e21a82ab2b64
cross_domain,F/ASL_F_008.jpg,F,5,c09b951f438d65fe9b6752b5ba3c50c1b52eac3df1c0a5d57d22c7899a216bb5
cross_domain,F/ASL_F_009.jpg,F,5,ccfc9ab9c102ac7a74530a741d0b74cd8412fdb6435d311283f0763452357604
cross_domain,F/ASL_F_010.jpg,F,5,ca4befaea3eab9dd02d57f854f05be9f9fc6df89d15de25f6d8a018e9cecf650
cross_domain,F/ASL_F_011.jpg,F,5,6d4eb78b02130cc81196e62e15e379cd56c4901f080c8476e9032caf28a6a5aa
cross_domain,F/ASL_F_012.jpg,F,5,22c0e146ae37744aa2de920c9ce38bc7ccc3c922be61efeb6d0435636d26c33f
cross_domain,F/ASL_F_013.jpg,F,5,d916389644cfddeebb2e5e7833180d89b57be1939f59faf10709050f9d60e3f6
cross_domain,F/ASL_F_014.jpg,F,5,2651255b95c4bc9bbbaee3c4b033fad65243ba176a8aeb9babed185b6350dc2c
cross_domain,F/ASL_F_015.jpg,F,5,84362d3eef64f71f0b7af85cddaf6683b23e5e47eba23f45e918921c71d4f38b
cross_domain,F/ASL_F_016.jpg,F,5,6bd67519747bb12cc70778264948eada43534e3fd4f7bcc461facd7748a82f99
cross_domain,F/ASL_F_017.jpg,F,5,4f037b6901475da321df7bcead09f98b9ffdbd8394187005563212b10df83f28
cross_domain,F/ASL_F_018.jpg,F,5,3a5db7825c9f690bf3080f889c7644bb8fcc250bfe1c971a827e7e17ebe1829b
cross_domain,F/ASL_F_019.jpg,F,5,28544020d501540835bd148986f96044916caa5a5343d39f89d6177537461f44
cross_domain,F/ASL_F_020.jpg,F,5,d8edd33f5c1cce8f7f3d7f030c735940003b688b898ac933a4c0fee0743f7c3e
cross_domain,F/ASL_F_021.png,F,5,6df21702f3f287892e15446786ee109c4a009faf31d2283e8af43c9248d25990
cross_domain,F/ASL_F_022.png,F,5,d0aa553a9307d1aa626156fa373a3ab8ea6fe45c033009e4781055c52251ac22
cross_domain,F/ASL_F_023.png,F,5,e5652963a24c897609560f57bb989052fb366aab832733f3ebdce7685083eeb1
cross_domain,F/ASL_F_024.png,F,5,95197b082b525689ba50d9dc520fec941b11fe0be86f759a9c8e14143cbe471c
cross_domain,F/ASL_F_025.png,F,5,518b1a6d3d7915432f5544807f9b3fdc19931cfc3f0dd6bcc56f6ce4ff4ae956
cross_domain,F/ASL_F_026.png,F,5,ba281e8cdaa9dff789bdd0971a1c83e719a4761fcbdbd26122c69786d081fd75
cross_domain,F/ASL_F_027.png,F,5,310c016cc1248f1d1f2d15a7e69ce22aab786f3f513e7d341373242e85dba2f8
cross_domain,F/ASL_F_028.png,F,5,efca1bc8eeb282db65338065de8d8a0b350fbc81410ade31f6d92eda3a7e169b
cross_domain,F/ASL_F_029.png,F,5,77e27dd211c91c9351db4693a048b47c10e744f11fe7e403d048a9fbf27e3b59
cross_domain,F/ASL_F_030.png,F,5,9d06241f3638f6e3c05a75f13220ad7c4fd9fa15a13a378466c574cfeec20367
cross_domain,G/ASL_G_001.jpg,G,6,3e74d3fbf4dfdffeabf234af90e1ca1a2c9e629a0c5213b0705dd393636106a4
cross_domain,G/ASL_G_002.jpg,G,6,f863a155cd07e195703a00b5d334ad28c9bf643248ddedea76e541189515377c
cross_domain,G/ASL_G_003.jpg,G,6,713c7a413bc223bc5904e07373eed3b3b097819d1eb2d1fc42f2f72bee0c6ca8
cross_domain,G/ASL_G_004.jpg,G,6,85d6d67e66ff5587daff93f4bc9f76ec2d20438a95899d83be5e2c6a6d0ba2ef
cross_domain,G/ASL_G_005.jpg,G,6,f9f7b2ac44aacba5d0c646260831878030bae3f8ac858133a007c469f2be448c
cross_domain,G/ASL_G_006.jpg,G,6,e55809fa4943d8b4e7a1c46ec91554253c008c6e564bb0bc020e98a172ac9a54
cross_domain,G/ASL_G_007.jpg,G,6,84f6bf57c605c707c31212e66be522199a8bb77a77e5c43a8f39e5a27be21c66
cross_domain,G/ASL_G_008.jpg,G,6,e1fd5fd60fdedd0873106f08dc491b362b92d7db5becfaa493367b7600dd7d42
cross_domain,G/ASL_G_009.jpg,G,6,40282b0babd3a3ec6cb94cabc44119ff778b0d63bf5db5940fe8aa3151b1c8b7
cross_domain,G/ASL_G_010.jpg,G,6,ace378a5c51282300c66fc8afdfa69f435bf37faac2bb1ea13c46e2085253845
cross_domain,G/ASL_G_011.jpg,G,6,54db88db7abf5af7005de35e133447c2fc94a414ee4603fce6fe63a54714db3d
cross_domain,G/ASL_G_012.jpg,G,6,fa9f620c438560593db2f1b539f003d8f33e347821ea0a83ed24137ca5dd4ecc
cross_domain,G/ASL_G_013.jpg,G,6,96e56f6ca6bb7ef3a2432c47672e5fd33cf815c5f81899bb68ffa31647c6a66c
cross_domain,G/ASL_G_014.jpg,G,6,2a1e6ea74e6f910f88c2aae9c0868fa88ecdab6d5af2ca89fae402d024915487
cross_domain,G/ASL_G_015.jpg,G,6,b2b084839225cb320f73c5f2ba81a4ad65aa92aa873b5da239019b8043dc5b88
cross_domain,G/ASL_G_016.jpg,G,6,34ab9b5fb9fccdb4ebda41440b1e42465d3441f91f492e9856a8b79dd6849848
cross_domain,G/ASL_G_017.jpg,G,6,23974cee47b324312901cccecc3a7ff250ea0865e987d255fd153b28c801f8aa
cross_domain,G/ASL_G_018.jpg,G,6,f1af7d3209356a2f4593fcf78426b0fdbc79feecb67f26c1dc5cbea1022cc4eb
cross_domain,G/ASL_G_019.jpg,G,6,6986a27bc96ac05e5065375b7b14ade757306ec5f636435ceb33f34964e59ceb
cross_domain,G/ASL_G_020.jpg,G,6,e1300dd38368e1503fbacdc59c1ffe7de0afd9edcf603b1fc9a626e29840ae4e
cross_domain,G/ASL_G_021.jpg,G,6,a8c3ac907f85b6140d7384af5b9531ce573d0a189be1078661f3757746f5b32d
cross_domain,G/ASL_G_022.jpg,G,6,a1fda245483e11d1e23e8c90b93bced39252e1d28a16bb909ee3f4fb467a948d
cross_domain,G/ASL_G_023.jpg,G,6,11baa3d90273025d042e1ee90e04b00d2a2da213d50011c974b9068b262ea18a
cross_domain,G/ASL_G_024.jpg,G,6,7277e64805214bcb5b65f8e81b9bfd11b7bce9d19158f8ee439d60e87b28923c
cross_domain,G/ASL_G_025.jpg,G,6,e8f431dd2b53fe00efc329fde6af6f5b13f2167d707f1a55e1992f2aeda56810
cross_domain,G/ASL_G_026.jpg,G,6,7de1535e623687503d3807565c4bca9f131073bcf555764236edeaa56a07cfa4
cross_domain,G/ASL_G_027.jpg,G,6,ae2af6bc3ba192e8b724279dc0c35559e76ba33320ae2feee5f9f4a85ad9177d
cross_domain,G/ASL_G_028.jpg,G,6,dab71679d3ae330db9c3e920dd06a2e4ee816f124dc57d9ddad4406397745752
cross_domain,G/ASL_G_029.jpg,G,6,64888c5df1201e394049b5a3e9ec079a057d7f2c7f09f840eeae1010a7ea81e2
cross_domain,G/ASL_G_030.jpg,G,6,2d97b847623fef4b1c3477e03d00cff5bca3a5d075b66cee6f925b89485e40bb
cross_domain,H/ASL_H_001.jpg,H,7,44c95dbbed122d5a270cb7da6399a17e2c8d6ea20b813421852126154bf997aa
cross_domain,H/ASL_H_002.jpg,H,7,523c47d323741707ff9cbad063e9c2132f2939aab295a662bd396fe9f721daa6
cross_domain,H/ASL_H_003.jpg,H,7,2a918463a35894cffa004553701f99ca18065f8f6195ddf65eb40c418eafaa6d
cross_domain,H/ASL_H_004.jpg,H,7,5b73e0df4a169a0a69f17c8505a4a3df603ed068e1dd0309fbc2844c7a91c9a3
cross_domain,H/ASL_H_005.jpg,H,7,7dfabc323a8a4c85da35eca2d57a8c3e4e7c2a86d5e55323566a83fc3734bc8c
cross_domain,H/ASL_H_006.jpg,H,7,6656a78a593f4b59716bef50f1a22e5d734a44fb78c0a043b78f03bcd600c95d
cross_domain,H/ASL_H_007.jpg,H,7,d553218b138081f6b512550b571a0a80cad90cf7ba8967e64a66433fa213b36c
cross_domain,H/ASL_H_008.jpg,H,7,bbc733abf0bac32482fe380b8ab8aab08903ff669ce911b4792f45043179a3a0
cross_domain,H/ASL_H_009.jpg,H,7,cfd65cd5e36522d4357db0b5bcc14099aa09c3ab709a81a2adc51bb90a710b00
cross_domain,H/ASL_H_010.jpg,H,7,879e283a9a107e60890c7c79e2a2488347f877874d2daaa93d37e68229aae945
cross_domain,H/ASL_H_011.jpg,H,7,e37d7dfdad2288a4daa101ce818becc9fdb1b662b15f78b8a78260dd637404f3
cross_domain,H/ASL_H_012.jpg,H,7,f438445117fe7a7538bb8f57ca66c5a8020c40f2c22f32235f1de928c4bdc887
cross_domain,H/ASL_H_013.jpg,H,7,95edb15340a7103f6b70818965502c6c5b630a367dd79416e8d9a9afa398f693
cross_domain,H/ASL_H_014.jpg,H,7,d293832bfb2af6b354832638a2eb689ddb536a62a54e10b04068b9388a44aeda
cross_domain,H/ASL_H_015.jpg,H,7,04c1d9ccb8d050feaa1f91bb0bd3e2e00b5be516e5a734bf02b08b6d0efba3c3
cross_domain,H/ASL_H_016.jpg,H,7,05b450be002a85741a0373edf919c011e17fddcab4eb29f3c5d30f3bb3a98f1f
cross_domain,H/ASL_H_017.jpg,H,7,46a82474a7616a4f7c86a785959c043afaf619bf9b03b2553df6247d02b75524
cross_domain,H/ASL_H_018.jpg,H,7,69049c3b0b0b25678228ffe18d95cdb1d857aa900ea2bb76bb410897187d46a1
cross_domain,H/ASL_H_019.jpg,H,7,812118a24f6e06748a59162cdd1165efa22f634291fca0d05129684ee5e1a588
cross_domain,H/ASL_H_020.jpg,H,7,7da230be94cb2a859494c9e38f704034ddd01fe2ebf6bc26dd3c9023fd4baac6
cross_domain,H/ASL_H_021.jpg,H,7,8279e9d6f5926a99e834e043086cb00e959b87824e0b9266a08cbb6746595f45
cross_domain,H/ASL_H_022.jpg,H,7,b5c909c121a698876b22664f9243e91fe0472d3366d70b398a452f5befafb0e3
cross_domain,H/ASL_H_023.jpg,H,7,fcc3d1acdf0b7e08aa72f8c6cdedbd4e0171727f52d235453e15ab72ad62a880
cross_domain,H/ASL_H_024.jpg,H,7,6a1795f46de6bef3f2d2f34bd867909835bd739010e2f3286eed72786c29f733
cross_domain,H/ASL_H_025.jpg,H,7,4514a6e6d25d2b40380361d198e1b3f758bf8ad12e2105f581fafbcc1a1665bb
cross_domain,H/ASL_H_026.jpg,H,7,bf70b0b717157a85dcf85bbedcfd686acfaf6bf323730a178fe30ae4bcddd277
cross_domain,H/ASL_H_027.jpg,H,7,ea5e6b583917e5c41849819e31e0783176ff032569a6f7655ad5bdc3c5d35ddf
cross_domain,H/ASL_H_028.jpg,H,7,4d1e97dae04f9fd0d26a13bb66a498864d489caf4089c21a898101035e919e61
cross_domain,H/ASL_H_029.jpg,H,7,a88ed6f0c1cbb2543b056adbb77ef947d193bb74b9794cb5066668766266ae13
cross_domain,H/ASL_H_030.jpg,H,7,6a065362e20120ed66267727cfbb3e7c94709a9685ac727d423edef42b57282a
cross_domain,I/ASL_I_001.jpg,I,8,c05491405c5fafebcf3631cc8ef89dfc953080fb72e009f8e4e62233e8f5878a
cross_domain,I/ASL_I_002.jpg,I,8,d60171d98f3fb5bf8c5f25ff01740bb12eb5f5cb7ef19adc1a4d224655f930d0
cross_domain,I/ASL_I_003.jpg,I,8,fb4ae4242e9dbd062191da05189d7525a22cf2bcd4016a0b6c07e01c8f50114e
cross_domain,I/ASL_I_004.jpg,I,8,ba51ebb4a0fe461a9c1a9787ed9024425901427cc71236de19777038f7cfc414
cross_domain,I/ASL_I_005.jpg,I,8,34235c75f1957b96c7fdad4ec783dd042c6d707bc00ca86ec2b3860ba9178999
cross_domain,I/ASL_I_006.jpg,I,8,9ae989d453d15c52cbcc6f2c056d63367a0778a8122534759a8361a5acb64a8f
cross_domain,I/ASL_I_007.jpg,I,8,b0a42678615237cea3fa8fdb8fe96933ce542b56a0c6137274ce21b936ecfaa6
cross_domain,I/ASL_I_008.jpg,I,8,a6cc9370417aea07188570b7efcdae41bfd92b5e23bf6a34d6baa0da7c8adafa
cross_domain,I/ASL_I_009.jpg,I,8,82d767ece7742543ba3f056ed17a4e800b762447414068806c90f1f856ee9b5b
cross_domain,I/ASL_I_010.jpg,I,8,1f556b162756904cd0ae81fdc611370b9b687ed83a7bee59541cf061d6828809
cross_domain,I/ASL_I_011.jpg,I,8,e7bdd0deb68a8e66f2327d380b9e5ec06d35418904266bde1a7e54b3593932bc
cross_domain,I/ASL_I_012.jpg,I,8,93348b527e42d41b55f50908c1cc7f07d2b3bd3c8f068c3ad6ccdaa25d22573f
cross_domain,I/ASL_I_013.jpg,I,8,c88de22cfd1844cec7627b80093b9e9d90c42afa1d3839e963df941cece7ff5a
cross_domain,I/ASL_I_014.jpg,I,8,712bbc180092f78a5930cc07259fd0ae5b2214f77e7643951a383be4d4721822
cross_domain,I/ASL_I_015.jpg,I,8,87afba3ad605b9ea21f1c28fd9cb972993fc96ff680e7028b6947d41cb1e4131
cross_domain,I/ASL_I_016.jpg,I,8,a4a9321f72f78799a67ebb87c06bacdf6521c165e86702e4622ee2bad4a22a86
cross_domain,I/ASL_I_017.jpg,I,8,06af8bb0b095714ecebccb6f3fdecd186b233718b09a9b3e4df99060a5d599f5
cross_domain,I/ASL_I_018.jpg,I,8,9ddc1b332150083110854d4d16e01acac257c8b7d6c3b76a9cbb2f70735be3dc
cross_domain,I/ASL_I_019.jpg,I,8,187b489ed608ba03c99a69d07ad4bc969b8fbd22dc26ae9c05783f0e9d4119a3
cross_domain,I/ASL_I_020.jpg,I,8,2374e08439b81a789cc030eb07c48a0d7a27e52b3089a878f430d8118a77178d
cross_domain,I/ASL_I_021.jpg,I,8,4c34efa52dcec5c67ab4870b76e1b7816cafaf523447fcd680529e42f6e9d678
cross_domain,I/ASL_I_022.jpg,I,8,ffda9ad21ae683b38287051636a880d0e3022cfc3368259d27b1b333e8e75601
cross_domain,I/ASL_I_023.jpg,I,8,5c6dbd80171d16cb6832643926c7fba7e0155fb91b4d8876619370dcdfe697b6
cross_domain,I/ASL_I_024.jpg,I,8,ac391a59d0f5297d3b0439372e10234dbaed1c27efd161a9e21c539c92b0b615
cross_domain,I/ASL_I_025.jpg,I,8,f54d2581104dc3de5350ab140047def1b3d10b39207278d47d75329af592beae
cross_domain,I/ASL_I_026.jpg,I,8,88f65088bd7f7cf70c7dfcf17a374513bc2b26afc623d8bd048fe7d5d847c6b5
cross_domain,I/ASL_I_027.jpg,I,8,57e839481ae82c5514263e34dba90c7b8f3583ad687f453622e62dfcc2811670
cross_domain,I/ASL_I_028.jpg,I,8,672a9a2a4417f83457cd8328bb76898fea8f0a374ebd90760495df0a2a9d0122
cross_domain,I/ASL_I_029.jpg,I,8,838516fd4813ce77bea4215e8615451697d30d68041cb8ce9a88a05cb87c1c62
cross_domain,I/ASL_I_030.jpg,I,8,9c24e1dce752b90c3dc37e9a10fe69e4e2a4d646c373bdd4c056b9910fa2c158
cross_domain,J/ASL_J_001.jpg,J,9,6245bef3fe5a7ec9bacaf155844aa5e2dad2c97424049fe3e7da5f1e911f1228
cross_domain,J/ASL_J_002.jpg,J,9,0450c366ee8dfb207c240225df327dc0cc4a7a91dd5a974db451fd0ac58de16b
cross_domain,J/ASL_J_003.jpg,J,9,8a3f00b8be68b6145bb7c7defa297d419face07a3d5af8767d1c0e72a1aa1bc4
cross_domain,J/ASL_J_004.jpg,J,9,4a6183cfde7c031a27c069c2a4da17db4d08411dd7ff9dc481e052e5c8f2e257
cross_domain,J/ASL_J_005.jpg,J,9,a5ad090bc40ddf66febddd45c994568adab316294ce6f1610c161e94731a6588
cross_domain,J/ASL_J_006.jpg,J,9,9dd916c4e2b289921d5027427ab32bcbd32e2164ff4b9b911e06f9d4a75f78ef
cross_domain,J/ASL_J_007.jpg,J,9,3f09300d53d1953ba207b2db206e001f6761a598e922867c124e198a2a33c6ed
cross_domain,J/ASL_J_008.jpg,J,9,bdbe7a939a1dbb9198b997b42bad85f77ef8d80cbd20d9ee3810dc55bb468b50
cross_domain,J/ASL_J_009.jpg,J,9,53bfe67d568481dd2ce893ed64a1f3ef8db73a647cfa948357ac5686e4cb62bd
cross_domain,J/ASL_J_010.jpg,J,9,d4a886fd0bc222dabddd9d0b0ec301930332ce368a46f9ea9a0ec166a4417ae1
cross_domain,J/ASL_J_011.jpg,J,9,446026377f7993eafab4f03f24179e86390aa6ccded035cc1a736feb7becaad0
cross_domain,J/ASL_J_012.jpg,J,9,a6fb95cb6260fbbc8422e2778e4e66e54fb0358bfdcf4b464d4b07a783bda2de
cross_domain,J/ASL_J_013.jpg,J,9,20315939ae3422c8c902323dfbb6dbe352acf28ed633cb9d4f2f878bbcae8d33
cross_domain,J/ASL_J_014.jpg,J,9,59f2639e4cc735464b7020355d4a8037a5a2f3b0cda2be1c738e1c35c8218bdc
cross_domain,J/ASL_J_015.jpg,J,9,9057f9bd566daa3ea21524addd1fd96b12495285f4fa84399e077eac9ca78e58
cross_domain,J/ASL_J_016.jpg,J,9,20470a3fedec44ea085705b5715725cc2e3ceb4042d5c6625119aad089166ce3
cross_domain,J/ASL_J_017.jpg,J,9,1ab77517da304b021ef4de6dd481f1de9db0737794a34e10f25e6806f63d5cc5
cross_domain,J/ASL_J_018.jpg,J,9,251ef5593ec5fcdc0d710a6cbbe167e1bb28c0682fbc9513809c676d33744eaf
cross_domain,J/ASL_J_019.jpg,J,9,48efc7f54fff5165c2e0c3ba84dc12b4ab1fc3454eb655fd4a3050fe9c81b609
cross_domain,J/ASL_J_020.jpg,J,9,01f8da7d6fccd4eee0bf25d9562330987b6c7df50c857dbe9350af011a2ce356
cross_domain,J/ASL_J_021.jpg,J,9,eb3084d14c076d6ad639c4139e47131b72cade0e1ea13c34382eee39e2995ea6
cross_domain,J/ASL_J_022.jpg,J,9,fd229e194e52429b234941089dbdb8f2dd069bcfbb02a83c150ac4e97e1d514a
cross_domain,J/ASL_J_023.jpg,J,9,385c8f49e823e124f189f4fc938c5b47212a91a60bd04130a01c6d94e11074d9
cross_domain,J/ASL_J_024.jpg,J,9,b9f2d489458f6affa5bd21b935d665f1130ab8782ff7cb72f183376d7dc3b563
cross_domain,J/ASL_J_025.jpg,J,9,5194ffb7183b784ebdaad9ff67afe75d2754c4a5cbff261c6fbd1f29e7da822d
cross_domain,J/ASL_J_026.jpg,J,9,7acb8c5b9edff8265229868132b613077278b80b42628ce8f7373b41867d4497
cross_domain,J/ASL_J_027.jpg,J,9,a27f589a3519f3b4a05736488d9e22318420e9f3e285f0e66d7288194daa7d7e
cross_domain,J/ASL_J_028.jpg,J,9,877639821648ad087dad0abe96c633152a87bed187d415160e0de65d6df5a58d
cross_domain,J/ASL_J_029.jpg,J,9,254e14557c7da4b0fbee423c27d9ebf9cb7332187e873d4e0474cbdfc522a753
cross_domain,J/ASL_J_030.jpg,J,9,8cd2436b08cd1c11cf126b66d529b22088fdeca54a16f62e0b7f9b940b5893c6
cross_domain,K/ASL_K_001.jpg,K,10,2a1f967588da1eb9ecfaaa850e9d3fbdbb934f974be2f2a8e8b957e118b04373
cross_domain,K/ASL_K_002.jpg,K,10,27bfbe562c2d89040ab266a95ca59577286c7b97688bf17e3f00b57dd549e957
cross_domain,K/ASL_K_003.jpg,K,10,26143e3e97d52bdea297b04954cdc3e725e4483250fe38578075c5736efb9a2b
cross_domain,K/ASL_K_004.jpg,K,10,d3a516113e6c8e364d07c514ec2ad98aa4a3a0f615b69369652ad2c36a1efa70
cross_domain,K/ASL_K_005.jpg,K,10,a7ab21a7bd4da9b2e831dea792d4e4be54a58b37e3e659861ecec15b7ebc7e5d
cross_domain,K/ASL_K_006.jpg,K,10,777d8f04620b527e96ddefb02d8d782f3a52e49752ffc46febfa8ced82ceb46b
cross_domain,K/ASL_K_007.jpg,K,10,f0b2f620c4c0b7358731fac5f6d727362c4b0f925193b5a72a56d02c17283701
cross_domain,K/ASL_K_008.jpg,K,10,92e3d732df2f384caae0d74e26e0e39af0518c9650b04543ca59f6790407066d
cross_domain,K/ASL_K_009.jpg,K,10,21946224218987ee8e5c7e66e442f09bbcd886c66e44a8f4142b49f186cab793
cross_domain,K/ASL_K_010.jpg,K,10,35c7c3959b8fb585b61f4811780b5fe6a9bdcd0e5decb71a08676718653374ce
cross_domain,K/ASL_K_011.jpg,K,10,29daa1724fb63b4e8896b9a1c3e21124fa265674716789197f7766f765188aa4
cross_domain,K/ASL_K_012.jpg,K,10,58728b2ff637af76b10bdb02bf793d0e8e83e99e0c2fef0978bbcceccba502ca
cross_domain,K/ASL_K_013.jpg,K,10,f971b6d9ffcc2de36a44835db0fa8d1d3e305279a3759ddac931838c5a8b296b
cross_domain,K/ASL_K_014.jpg,K,10,34f878760cda088f1fb70688d5ff0f85cac7a73eed15bedf5512eb38845afaf5
cross_domain,K/ASL_K_015.jpg,K,10,11f27cb02101f4e5bef249fd83b4a474fc78ec9b64dc1ded682891865a3804f0
cross_domain,K/ASL_K_016.jpg,K,10,66b71458de46dc2a3666662ce6972b8776a31343cd4ee57fa15dbb68d9ece4b5
cross_domain,K/ASL_K_017.jpg,K,10,e6a7792fd70040770836df80ac9a8d0e7c73d38cb87458e908bf1d11b686c850
cross_domain,K/ASL_K_018.jpg,K,10,a73420e01bdedf026e4a9f85e486c0add09995b5b51349243a3b058e7e8d9875
cross_domain,K/ASL_K_019.jpg,K,10,6354c2f77a3b94e2ef585e7f8288a5102db1ea546e849501923bb3a9f9edf8f6
cross_domain,K/ASL_K_020.jpg,K,10,89acf5efa22ec53dbc3f708c7cb8923252722a38681aaacd3e4084adb1a33ada
cross_domain,K/ASL_K_021.png,K,10,d04c8f834873869381cfaa7a8c9731dc7e2ea4a3aeffda9e0766977cc7f8e7dc
cross_domain,K/ASL_K_022.png,K,10,5d13e76f3348b824ae08233f60aace659cea998a1fb1bbff846d11068b8f99bb
cross_domain,K/ASL_K_023.png,K,10,fc3b6ed977c6c9de50f2d5ec590e5a6a634dca72942e6a92b254bda49aa3351e
cross_domain,K/ASL_K_024.png,K,10,9834388e37dc385d2d6d0cc2252afc5134aa8a092724a9a01dab2c1b742bc50e
cross_domain,K/ASL_K_025.png,K,10,aa8c99fd22992fbb11d312f7ed73e08a7f3c69399fd62c4039b08dbf74479d19
cross_domain,K/ASL_K_026.png,K,10,9fb012330c108b4a50f4553fdd5076df76bc4f3c859d17b7a87d1dcc14602f84
cross_domain,K/ASL_K_027.png,K,10,9f775ff9a49b6c0b0c9141503b1c095890caec35e6d8b151711f8535c7e185e3
cross_domain,K/ASL_K_028.png,K,10,2378dd0a6fe1f743b6bc44425b4879b7ab09e9e496390e30bfff70111336494a
cross_domain,K/ASL_K_029.png,K,10,5058631c153f00f1d787968a02c623c9f096091bed883bd4d4f2b58aa391d77f
cross_domain,K/ASL_K_030.png,K,10,2439ad9dde507efee5a0975bd53ca4adf84dc2c9cb9bde41222a98f0afc1cd02
cross_domain,L/ASL_L_001.jpg,L,11,c0a2c8488131c604e871cd37929f585a44b8e0b786886a687e2c15a63a6d849f
cross_domain,L/ASL_L_002.jpg,L,11,8076ce36943a56fc56cf3953455e624a8916c6e2b07b717afd7548b09ba2fa10
cross_domain,L/ASL_L_003.jpg,L,11,b81b1cd4de43242ddcf40b6af85b97f765e3ca17c5a6c5706829cac3c0c9d15a
cross_domain,L/ASL_L_004.jpg,L,11,d578542f6c141d695568e96fa30ed63314918fab4975ffee188a0fc4fa9e7cc3
cross_domain,L/ASL_L_005.jpg,L,11,ee3ca6f1c96bcf5a5fb03429d7a4bc0e5a4559e40bc1f513c594c6dee43d7706
cross_domain,L/ASL_L_006.jpg,L,11,b1a6f2d3a29251d7aea656f7fadb61d8abdb1561b8a42bccf6d3495cf89b65f9
cross_domain,L/ASL_L_007.jpg,L,11,3224e92cb7a25bb546542746b686027bfe1e1797a21ef5e1a37eb416fa7c1650
cross_domain,L/ASL_L_008.jpg,L,11,9d9fd11b8bce2031248495b4c6ed1dc2705bc63049ac7d3e777576adaff78cdf
cross_domain,L/ASL_L_009.jpg,L,11,b842f32060280815828b307863d40d693ecade23c939233207030fa67112aa53
cross_domain,L/ASL_L_010.jpg,L,11,2430322644f2645620278ced850ee0f65a25cd158eee278a90721d9658451ec6
cross_domain,L/ASL_L_011.jpg,L,11,d0d7280bc2a91ed7943ed134cdee4eb85ef45d19ce85ea978e7a263201aa490b
cross_domain,L/ASL_L_012.jpg,L,11,189f347fe3a72526f8c4b19820dc413c9db0f2ae6ee7ece6b9531295105501cd
cross_domain,L/ASL_L_013.jpg,L,11,67ac1be557f7eac6e48c5d8b5c7ae87a59b87551f14742940678a3ceb241d1a9
cross_domain,L/ASL_L_014.jpg,L,11,f80c07efc01d15d492ac61acf0759f96f1d5e823dc45a548c96d4cd774f1eda3
cross_domain,L/ASL_L_015.jpg,L,11,5ca56429f1046a145760d81ed9ca96346c3a3ebc8efab72c45af8892c7313833
cross_domain,L/ASL_L_016.jpg,L,11,3ad147cdd6f58ee659e0f0d6e7754d5734f67b345ddc4e6c42f8c3475a92be1c
cross_domain,L/ASL_L_017.jpg,L,11,1e4bf20a4999317192726978ea6cd0bc6ecc8ece6bee9d03269f3d34ef51fde0
cross_domain,L/ASL_L_018.jpg,L,11,ee7e98fe24769b8a8f040819ec7b68f3eb1ccbe90a5d66e49215c6f889d94203
cross_domain,L/ASL_L_019.jpg,L,11,a8bae190922b5c5579d46094f03bf252714679fcdb1fc875b159fefce26cf869
cross_domain,L/ASL_L_020.jpg,L,11,d3ec6ed2415330726d8209f313b36e7d6db2b25a860d3459d11d7365e635c087
cross_domain,L/ASL_L_021.png,L,11,44eb03e751d7fff2eb4ec34210768b7e0613e527dd261b21234eeb22486cc997
cross_domain,L/ASL_L_022.png,L,11,7f76ae5ed87ee85d31aaead8dfded80f373e7c55b0f1be18f7cf14700225d6cc
cross_domain,L/ASL_L_023.png,L,11,39124217abd65ac80d34f5908d5d699516f2118809ac1ef303face76888e4250
cross_domain,L/ASL_L_024.png,L,11,36ca60bb04c95d0c8ad09e920f9c21d2d6f936b2f6b14a2c1188bfd044d5ab87
cross_domain,L/ASL_L_025.png,L,11,192d45bc00fdc30b4894877c980e6249d3d3d880bba9cc4bba668dbe1d79b012
cross_domain,L/ASL_L_026.png,L,11,c31e225f96572e2df185b4321e4bc3b2cd3c5bb61d84df745cc3e9d4a0162baf
cross_domain,L/ASL_L_027.png,L,11,08807645894a860378d098c1d285952f6e3da9a1c1d0f6ad87f5e5fc764b0740
cross_domain,L/ASL_L_028.png,L,11,2e3dc6e2abda111b299ae7b13d0f69467a485d5bb5b86f697d8ee76fbdcba602
cross_domain,L/ASL_L_029.png,L,11,9315d4e93247151f30dcb206db60db5bb16595e488e60c4773f03ee943d10ae8
cross_domain,L/ASL_L_030.png,L,11,82d7ffcf9fcde33bf7c9f36191c4f58996afd50832b66151a947c94386cf46fd
cross_domain,M/ASL_M_001.jpg,M,12,77ebf856202aad8bcbfa4745f319dd1dc026c1fa028485e93ca6395c42f9209f
cross_domain,M/ASL_M_002.jpg,M,12,3da2ee3ade41cd51252598a8c298ba0516bd7091ea27b694c13966ca855b08ff
cross_domain,M/ASL_M_003.jpg,M,12,e5ed5ad84e9af8f42b903439efe3ed1e0cc4e25aa027381e805c76900d340fda
cross_domain,M/ASL_M_004.jpg,M,12,7570f63d89003d790c0589a3c474528de6f1f1222bbeed27e235e29400d6aafc
cross_domain,M/ASL_M_005.jpg,M,12,b82dbd8698d6e556e1e87fa57da8605857bfcd19185a1efe6d4ecb67aeeec257
cross_domain,M/ASL_M_006.jpg,M,12,d1830a5b37bd803e5992fa3d3bbe8d6bf337627d61a57f541157524fc41e1654
cross_domain,M/ASL_M_007.jpg,M,12,e7176cd632d92ef1b8f1a1daf57e393c477fc44d5869ae17f9a83d8eb849469a
cross_domain,M/ASL_M_008.jpg,M,12,e6c9acb23633af7accdbecbc95380aff53283594f4881ac9bcd101b40c03d6c7
cross_domain,M/ASL_M_009.jpg,M,12,baf0b38129f09659b7fefb7d169e67d77cd4628ea337f6b5e001d6b39bbc9bd1
cross_domain,M/ASL_M_010.jpg,M,12,2e82b1ba461f546e2acaf6bc6c26da356e4d08ddfb02e74c874ca3b90e2af6c4
cross_domain,M/ASL_M_011.jpg,M,12,d0d5b2667e46c469ddde98b221dd6605432ac07542ff360771a334cd150331e5
cross_domain,M/ASL_M_012.jpg,M,12,2f11a2635631305e6bb0ef9373d6b371c9fc9c93c0b2aa053674ad2205554625
cross_domain,M/ASL_M_013.jpg,M,12,7db030b6bac9709abdf0961901202cc1c12e3b5405c22126cb2aefab5db3276e
cross_domain,M/ASL_M_014.jpg,M,12,08012701bd74ddd799f9c3ef2354b3c181fefcda4006ed7366e0c1f7abb718bd
cross_domain,M/ASL_M_015.jpg,M,12,7f22aba9a8967f015e53bea03758ac668f577ad657b470b4f607e2e8899debbf
cross_domain,M/ASL_M_016.jpg,M,12,85c742b2876a4f81e3e0b02a33b60e7f482d58531f7f4cd6143f313f104e0caa
cross_domain,M/ASL_M_017.jpg,M,12,8e9d4b874a82ee84ff4dd27eaa9539ee952d416bcd3792e9cddfc0b7fa7c98af
cross_domain,M/ASL_M_018.jpg,M,12,2f3ef9ef442c6202f803814d255f323317dd6401db0db0673e4bdc6ebcf0f4b4
cross_domain,M/ASL_M_019.jpg,M,12,f40890361c73c571fb512a121bb40a2d40825df84e6bceb25e704c61d1abee27
cross_domain,M/ASL_M_020.jpg,M,12,20543956c18ccac5942c8a4b0534ef3a21e59768aa5ce758b31a16d4d9886d14
cross_domain,M/ASL_M_021.jpg,M,12,4f34ee8c33fcd6d9389710ff447db120e9eeb83e8963817be35c7a7adcd40b41
cross_domain,M/ASL_M_022.jpg,M,12,6d7b99c1a474900b8d9ba1decce3c0c4add98f0f6bd34a87f571b4126d29aec6
cross_domain,M/ASL_M_023.jpg,M,12,a4cdc08d193225ada220f112c45afe56a1d2ffff7e494403d4266878b77f9f2e
cross_domain,M/ASL_M_024.jpg,M,12,f9e0d2fe0427bbc84a9f796eca4b781a2a785083e191826b01adb2174b94eac7
cross_domain,M/ASL_M_025.jpg,M,12,5c7e798b795a492e744bec6a494a8b516cc48d8649f7c21cb087bd381ee34045
cross_domain,M/ASL_M_026.jpg,M,12,da2963d7b00c6904719fe86b2b00bd0d107d256782b46c2b63a970fd3b7c17a6
cross_domain,M/ASL_M_027.jpg,M,12,e7643bc3683796c0a182edb74ac069cd14a915865990f3044c240461695558e9
cross_domain,M/ASL_M_028.jpg,M,12,33eb53186eef3766ca0b330d0074a2e50a4135fcd68382f5990a19713210170a
cross_domain,M/ASL_M_029.jpg,M,12,156a9b6e564591b7aafed13175d2f27114c9ce3acce56451189033c515358336
cross_domain,M/ASL_M_030.jpg,M,12,b4e024035d8a5e9f1b38b82faf5c8c6e0c73d82832977a8e70895ebce95259fe
cross_domain,N/ASL_N_001.jpg,N,13,96a4860a11877be08659a142f3f507808bfcdd794cef257263ba8aa89fa4221f
cross_domain,N/ASL_N_002.jpg,N,13,d6a12a23e011a1df2aee2df4051c5ebac59297d5bd91e9b04e02e7430443dcdf
cross_domain,N/ASL_N_003.jpg,N,13,e72a34fd22ae99826cfa496c315b19792e55a41809a0238a4a976b78361182f3
cross_domain,N/ASL_N_004.jpg,N,13,3c346d517210ff37ceecb2307700c1c373a06c29ae79b055e292cb78aac3a289
cross_domain,N/ASL_N_005.jpg,N,13,a4a78a23f492a77ade52f07f06324e41bed6a59f777742e4e47a735d896b66de
cross_domain,N/ASL_N_006.jpg,N,13,f60f17b5a926fa0dcffc2225cb2d7835add748def8ddc9decddd535c0b33c14a
cross_domain,N/ASL_N_007.jpg,N,13,eb5cd87a2acb14ab878d3f55ee4152b2c25099441c32bb4d332a5e0c2aa3f78c
cross_domain,N/ASL_N_008.jpg,N,13,85f90d80772ff530659f521f7fdcdd331a08e6bc7d6e2fb7272438178451ba08
cross_domain,N/ASL_N_009.jpg,N,13,8fa36a4d71b16330c29272fd4856b0291e25caea10a820bd4b0d823bc11c946e
cross_domain,N/ASL_N_010.jpg,N,13,4903bd2891b7794a1dc2ff2d572a19587317a4def5b5d0cc9e8aa400dccc2910
cross_domain,N/ASL_N_011.jpg,N,13,be7704008021afe2d6159bb0abe29d1ddeacfd00aa300eb85033fdbef96962eb
cross_domain,N/ASL_N_012.jpg,N,13,2e9e3f91ad47dcfd83e93ce04ec518401db1bc34ff37758e27298640b6246817
cross_domain,N/ASL_N_013.jpg,N,13,9de24440cfb406a154fe73e3a6df0a1a10396266cc52a6f429a86fb979d67ecf
cross_domain,N/ASL_N_014.jpg,N,13,c890c3a29c49641d936fec920945ed59eb58615fe1fabcfec68858f30fee7470
cross_domain,N/ASL_N_015.jpg,N,13,c8b59483c7e0e86161e94c8aeaab6d79ec3579c956fef4ac8bbbc01a64f04b9e
cross_domain,N/ASL_N_016.jpg,N,13,2ff9e2456c91e5e1506531ba4f20a70a5f7d64011ae05024d6d16bf4a735b633
cross_domain,N/ASL_N_017.jpg,N,13,5cf8b3faf0602cbc13e1491fc55bdeb0e2a10c732696e9c76a9669a5eb1744d3
cross_domain,N/ASL_N_018.jpg,N,13,c4328fa7f2f4edd7bf2ac2b29874cd20ffd543ff48f2ad617a5df3722224da93
cross_domain,N/ASL_N_019.jpg,N,13,77cd58a906b838b52c1e393dc9c5adb1f3b9ce77d3ca6aff5ee3643fc760bb57
cross_domain,N/ASL_N_020.jpg,N,13,8544d625c71950bf9c19ea9e17332820106b7bd7496a9b9ae02b66662ebf948c
cross_domain,N/ASL_N_021.jpg,N,13,9d994145e7c7057cb7a7031dddfb231e1eaef605b589e63ae1ad64a964da8be6
cross_domain,N/ASL_N_022.jpg,N,13,7ffe9784460069b070b45e3727d9b4e53dac695a21f2ae0742efab663a88dbd8
cross_domain,N/ASL_N_023.jpg,N,13,521551d48c0d9cdd2c48465adab70fd8706240cf3486464cc2f56c17e8ab756e
cross_domain,N/ASL_N_024.jpg,N,13,f9ac0de2e0adec50674f749a3836766e61dfab471182cbecf6071833237a43a7
cross_domain,N/ASL_N_025.jpg,N,13,f95935708e6e2d4fe9cfe5ba5013008dab3de4973cde92e3235333de9a97dbbe
cross_domain,N/ASL_N_026.jpg,N,13,51872924b772db4ab19341d808cc9243cd798897b88613cd4502c517afe19e26
cross_domain,N/ASL_N_027.jpg,N,13,a8a4a9fb97dc954f6a685cdaa5fa72b59a076ce7154ae800d0f14109573ffa7d
cross_domain,N/ASL_N_028.jpg,N,13,110e01dc8d01b0011d4637c7b25ec73c0e4439ef93a0cd08bd64cda422e96aba
cross_domain,N/ASL_N_029.jpg,N,13,9ce6bd3c7b648f37aa26de6fba88d6d876bf7f60275e553e4793c297059cb8fd
cross_domain,N/ASL_N_030.jpg,N,13,c8490542b79c6868672605fdc78a1399bac9fdd3232413ebaf09e347811b68c3
cross_domain,O/ASL_O_001.jpg,O,14,e71485b2147c7284eb2d67bfbac096b088cdfa5f54f34fca019eed6e8a66fec9
cross_domain,O/ASL_O_002.jpg,O,14,0d874638ac31e08a975cd0950562985f91c9b1be8040d921f82cdce350758426
cross_domain,O/ASL_O_003.jpg,O,14,131f91a6a42d03fd575e4b874b37f77f17b75f1e00e700d3eba754e2305f77e4
cross_domain,O/ASL_O_004.jpg,O,14,e29f9481c082d98845328370a2e4b4429816fba850baf06031caa1110caa4799
cross_domain,O/ASL_O_005.jpg,O,14,595fac219e12b63d4c66ee6ec8d6517f346bceeefba99c176292fba86979232f
cross_domain,O/ASL_O_006.jpg,O,14,5947856adb0b31528ffae4b5e72e6dfb334b31a8a8ca3aaaa5ce4c1587f0de5c
cross_domain,O/ASL_O_007.jpg,O,14,e89ea803fba736a9b6670379a42f6eadcd0793cb8660b802a2cff3252e873060
cross_domain,O/ASL_O_008.jpg,O,14,efa5fd44d4915b29ea5109bc3f8819765c5d794cca5e15266b7c7700c65697de
cross_domain,O/ASL_O_009.jpg,O,14,f9b6298a3565b9d8b7f5484d375319e76e91e90babf54135d550a390eac124b1
cross_domain,O/ASL_O_010.jpg,O,14,c47f55250f1ff86929707aecb137b29d914b943df2f22a2a174bc338b9f3c7db
cross_domain,O/ASL_O_011.jpg,O,14,df6911968de51642a60026ff5a45c98be0bfd497ca077ad504f4b32ff348619a
cross_domain,O/ASL_O_012.jpg,O,14,96752c9935ea9edfb4cac5fd0a3026219c8c1ee4ab4d59237a84a5aca2d5c6ab
cross_domain,O/ASL_O_013.jpg,O,14,561c1c39159e865b651b2c0e7336314c983430b1e22f12ed0188c9d9ed4aabd2
cross_domain,O/ASL_O_014.jpg,O,14,1b9f28701ad9fe3f2a9e8a4665ee6f826e5fd52cc5cd48e821feed9955965982
cross_domain,O/ASL_O_015.jpg,O,14,30ac265c27c3b0761c58266e2cb834d308504c915235ca7d6649c5004007a22e
cross_domain,O/ASL_O_016.jpg,O,14,8154a2f343850cf0aa95408c7a3ca0cc600aacd3ed8187b66ce0f8b0c24f30c4
cross_domain,O/ASL_O_017.jpg,O,14,5c7e953c4abdf68da37dcbd3104b284145d7f5c717bb927db4974edd00c98ad2
cross_domain,O/ASL_O_018.jpg,O,14,466b648fdf85a17c8305ca46ca9fe07ce60f0b9d4d92fc39ce8b519ab33daae4
cross_domain,O/ASL_O_019.jpg,O,14,610c7ffdc12fb29a3b3bb08df4d70374103b55ff7aafa43d088c475f23f1c969
cross_domain,O/ASL_O_020.jpg,O,14,7034e4d1a673ffca24a1f1ac1afb77e23a2410add6d43f48128b5abc030a98d0
cross_domain,O/ASL_O_021.png,O,14,1534ea2b352affcc87206b22d92567b0bc3edcdbbfb6bc655501cc2705be350d
cross_domain,O/ASL_O_022.png,O,14,26557430cdff0ad05b9c894648b2a0aea6468e3cab3d2ff3d33cb6e5a0195306
cross_domain,O/ASL_O_023.png,O,14,cf8d8a9b950256e0691a25f3a0ca98b493c4b0dc92b831a7b7aedc5b9a8b772e
cross_domain,O/ASL_O_024.png,O,14,1bacda77025b7682994fd2496b9d70bcc8c103fd1b36ed0115b5147e482ec89c
cross_domain,O/ASL_O_025.png,O,14,4114c442b306ebeccb7cd3d3f61a937eafcca150ad36079f68d9476fd2b7b9a8
cross_domain,O/ASL_O_026.png,O,14,d5414426ad978dcd5d4a3e73375e75d33cb3adb74ba9efd4b802dee626b396fd
cross_domain,O/ASL_O_027.png,O,14,c1bf8f70731c7f376347d15f258927cc07e833d0a834b88ae7f7b6666bd91933
cross_domain,O/ASL_O_028.png,O,14,1719776c075f23d6144a39ac051bd87c5d84667a0c2cb9c692c273409a3a71a6
cross_domain,O/ASL_O_029.png,O,14,37ebac0a6275b83a52b6cbb0865b69c77458503f08f8004b730f02925e716314
cross_domain,O/ASL_O_030.png,O,14,8698729af769b46a037ce8359ae3e903d3255f79da779409092ff1b0d13e2dd2
cross_domain,P/ASL_P_001.jpg,P,15,591689b6579183bf3ab2782fc9860655c342a0c4c8fefbe2a26ebfcff07415e5
cross_domain,P/ASL_P_002.jpg,P,15,4531deaea81ed03ee2aeee10dbf80f4dcf39dac5bd95464ede27a3974c20d5af
cross_domain,P/ASL_P_003.jpg,P,15,8ad4b39dff8aa2eb965442502e429b1bad5dd718ab911564fe99a5df0c1c8f4d
cross_domain,P/ASL_P_004.jpg,P,15,ce52ad7cb014070c074e41eca0fd4c008b720503840d40fd6eef870715fc4bb3
cross_domain,P/ASL_P_005.jpg,P,15,2c2dfe2f37f08549eab48ab94481437b129a4c1abdd7c0be111490048e6c0a6f
cross_domain,P/ASL_P_006.jpg,P,15,09f8d75042f5ac4a55e2bdbb61cbc6606c64c3e0e09564042bdd6e995740fafd
cross_domain,P/ASL_P_007.jpg,P,15,69d77e9528cbe27446ffff0b37e26a647120300493554b87f3ec922da5d0dfed
cross_domain,P/ASL_P_008.jpg,P,15,9a714550e882a832ac502db3ad815502cce20e0a1da46c545e3614bd36e7d6c6
cross_domain,P/ASL_P_009.jpg,P,15,8da8bb940fe12fb89db0a3aa54df6b8efb799cf1c5720401ba896277777001df
cross_domain,P/ASL_P_010.jpg,P,15,0e79b5010966a0b8b01d2d9dce4008aab5294885ff74746b2a01e5c927e3c515
cross_domain,P/ASL_P_011.jpg,P,15,02e7355c56c79e4cb9c817f9e0aaeff22ff5d1678b4c20a783e4ad4b55997d6c
cross_domain,P/ASL_P_012.jpg,P,15,db1d980b569678463a4e43da156f2fee935bbabc808d5d5f56bc10f8a68db86c
cross_domain,P/ASL_P_013.jpg,P,15,8e9acf52bd3c2bf628933576e757b463a44c8475b2cdbe38b95bc7dfb310c618
cross_domain,P/ASL_P_014.jpg,P,15,8ea8856e946adc3a1d74f1cfc05ba88b140db7d2218b7c68c4fa1f224c4df87c
cross_domain,P/ASL_P_015.jpg,P,15,80c8687c6db289a37265ac7e3be16264258dd50eae5d54cd36770d20b3e10cea
cross_domain,P/ASL_P_016.jpg,P,15,f914f630e6726cdef59ccf28a4dfe49bbd8129287dae7685c3c8cac809873725
cross_domain,P/ASL_P_017.jpg,P,15,3668af996d8356bf9581ec981e170e315a85b73926addf0dd877bfac947af0ee
cross_domain,P/ASL_P_018.jpg,P,15,4bc75eeda6379defac2368634ef1db2f9aaf992cdde4e6af23b2f9c149a646ac
cross_domain,P/ASL_P_019.jpg,P,15,ce802e42ef9a802ec644f775ed04718f0f1b4ecc07aa5b9c5483377492f05535
cross_domain,P/ASL_P_020.jpg,P,15,4546e1fad61813a4c2c71ca59e5c93f555bdaed0da3582c7ab6de342d74f82a7
cross_domain,P/ASL_P_021.jpg,P,15,435855a4a650685d4a5cfe44478f39e9f9d2181512e818744f8b600c8ba6eaf7
cross_domain,P/ASL_P_022.jpg,P,15,bfb89577cf77693319218abc1b1c4e5b487c259774f8891823c7c31150d9c46e
cross_domain,P/ASL_P_023.jpg,P,15,a8a2efb21dbf0b8bfaf78a289e9079d11724d086bb1e40922b18b830d2e6d812
cross_domain,P/ASL_P_024.jpg,P,15,5bb3a95651ce4240c25c5d0dc856b720018c9a69ddeb58c493cc2806f194440f
cross_domain,P/ASL_P_025.jpg,P,15,81886e54e31645964173165beede0511a4a311558806d518653b244f0c030dda
cross_domain,P/ASL_P_026.jpg,P,15,b2bbc7d3dba87f584e9ca24641cd4fd4978969d37029ec2dceeff612325f6b70
cross_domain,P/ASL_P_027.jpg,P,15,20d556a0de00a36761923de533815160a88e0448ccad17a6d76066c911dd8569
cross_domain,P/ASL_P_028.jpg,P,15,234f0862e191cb4c644f9a252af40348568f7437a16319bfc6a9b9b96423a5f9
cross_domain,P/ASL_P_029.jpg,P,15,abe8ad763a9552253ce2efa04c8a451c727edcb860ac18054bba170a3d0d5e62
cross_domain,P/ASL_P_030.jpg,P,15,d1a3e0452a2945527eb70fd58abddb2832e277f64ccd4fd23fd5e58eeb1647b8
cross_domain,Q/ASL_Q_001.jpg,Q,16,c7e7f4de0235cf9ad9b3a82d4b2359211cbca6fdcad29b1df53ab562b0909da6
cross_domain,Q/ASL_Q_002.jpg,Q,16,3b136ea1a1a41c540a210fab9cc1682db047a36a3b55349a9e83f84a14b41177
cross_domain,Q/ASL_Q_003.jpg,Q,16,2739b9d1c4fb8147a0bd7e85c52e0d2e1cdceb31f27fb7ce75b50394e5c6e404
cross_domain,Q/ASL_Q_004.jpg,Q,16,269693542cb93494902fa29bfa0b816e65d1a04780c82913168f5d26b86d46cc
cross_domain,Q/ASL_Q_005.jpg,Q,16,c4aaed4808a04c92c6f88aa560b37d7fd4d6cb9aecd8bfd9823b81bc7c277982
cross_domain,Q/ASL_Q_006.jpg,Q,16,9589612a3c47805a12c861689a775c0ae36806174f69c5d4611b0d797f5d23b6
cross_domain,Q/ASL_Q_007.jpg,Q,16,7f89bf4ec4f3bef3c2f8c4a7967d72f2d9caa551d628bc3d2700f438f1ccfe59
cross_domain,Q/ASL_Q_008.jpg,Q,16,5418136cafeca08fdd72d25486b5243d74a812c26715b6b288d63083e8a943af
cross_domain,Q/ASL_Q_009.jpg,Q,16,f5e250ec0c3c613b60b1514177bbbd61d1fb7481621e3ab642d400b9a5ca0247
cross_domain,Q/ASL_Q_010.jpg,Q,16,bbff1f944fe12f2fe04ace8c48c7078b94c89a08bcfbf0d854e4e32a6f1241a9
cross_domain,Q/ASL_Q_011.jpg,Q,16,c9b7fd0a4652ce772a080c93f5883429ca55a8302137916a7e40652dc8384fec
cross_domain,Q/ASL_Q_012.jpg,Q,16,0a4a0e204519ff094ee090a8af81b55a6522c998590e72abe92e1fe7b02d0680
cross_domain,Q/ASL_Q_013.jpg,Q,16,8fb9b8730727c165a5156b466ac38e6f1f82708d7a5d859106bf15313ca3193e
cross_domain,Q/ASL_Q_014.jpg,Q,16,cc3a0211e5710f4a65ede1ccf1eec033fde9574a63935f8f175f4685cb099812
cross_domain,Q/ASL_Q_015.jpg,Q,16,e1144596ba7c8fbed7f3d7a875ca0651b485efff8e84ccc3b6066368e9594f61
cross_domain,Q/ASL_Q_016.jpg,Q,16,2ae2ad99c7f9b348ea6428488a648a57890357caf3c54a93d59ff54064a2e788
cross_domain,Q/ASL_Q_017.jpg,Q,16,e8ed26cbefcf18997d2d5a695379da5295d41db7becef7786fcc4642932a91fc
cross_domain,Q/ASL_Q_018.jpg,Q,16,81f3751b5682d44b097736a42b1885e91184a78dd5719ec110cf1905cf1b3c6f
cross_domain,Q/ASL_Q_019.jpg,Q,16,6fd5cbb521d343ceaeb56065f3c6bf1fcbe7b88bf66f284d2993c0c2f841a1f6
cross_domain,Q/ASL_Q_020.jpg,Q,16,41928823050c30d1026d73cc71037e57f2de18be2b224058487ca5cbf4f31c29
cross_domain,Q/ASL_Q_021.jpg,Q,16,6101364a24f72ecc2c52e9c6f16fe178cf9889e0b95c2bf01d6ca9e216f9e348
cross_domain,Q/ASL_Q_022.jpg,Q,16,c87b0fce28fe9d5685b6d42d34f20c75252d5b0a29ceca95286366af51cbb3cd
cross_domain,Q/ASL_Q_023.jpg,Q,16,1b2d49e89b53276a0a5dfed7582328d60226a214edeed9d394e8732d34546c81
cross_domain,Q/ASL_Q_024.jpg,Q,16,20d259002e673b2f3fba49ea3cc1636388ab3defe85afbd57cce1040f1970366
cross_domain,Q/ASL_Q_025.jpg,Q,16,c310ca496b36bde70ba8981aa9398eafe4f20c2f9e1068b594539cd464756c19
cross_domain,Q/ASL_Q_026.jpg,Q,16,b7dfe1215ba24546ab6553c0cf154db4ca2c3a4fd27e5d29053b80896cdde02b
cross_domain,Q/ASL_Q_027.jpg,Q,16,cf6f253fa9d3fc3bc82d0162905d597dd8c88c086257dae1b511dbe8a92de200
cross_domain,Q/ASL_Q_028.jpg,Q,16,ac0e707272f667e3854da9a694eec3c54beed598347d3716ca318c7c2cfefff7
cross_domain,Q/ASL_Q_029.jpg,Q,16,3aa57d546f39e13479111f8f2b4d05b88cef17fc5d9ea46b0818ed93ea86666a
cross_domain,Q/ASL_Q_030.jpg,Q,16,69c3f47e8f471079578f493457b526f0be90577e9d9452ffc8b6a27f4369fff3
cross_domain,R/ASL_R_001.jpg,R,17,43d94a4b6d9fa49bc78d7261a33efdb5861d2c137efdf3db9f8218469ea933b2
cross_domain,R/ASL_R_002.jpg,R,17,3432f08b4e2ca89e158b03274f5a975b470bf21d9c9b13c61a4d101fc84cf291
cross_domain,R/ASL_R_003.jpg,R,17,127d54a0eb0bf6c92470dacfa7ccc4f6c813b7c0985b08c87deb2a140155c522
cross_domain,R/ASL_R_004.jpg,R,17,653e6b564fe1c66f965bc9f7883ca42712dfa4a7275d90168bed8f8524612e7c
cross_domain,R/ASL_R_005.jpg,R,17,cfee45a88e4ba467c6f1cdd0102a13b363bd05d0f4f16074764d66341edd829c
cross_domain,R/ASL_R_006.jpg,R,17,30fca63d67d001253e85f71cb7965654ab2665aa002d6fe7344a80656ce53f3b
cross_domain,R/ASL_R_007.jpg,R,17,e5f6a0ba4901e55c9cfc19f8505ab1f5d9c5cf52bcab1e6c97e7b4ef79eed0d4
cross_domain,R/ASL_R_008.jpg,R,17,fd6d4b45e8c0e8d284271836f43a6edc2de423c8ea5057d7fdeeecc4a60f8d1c
cross_domain,R/ASL_R_009.jpg,R,17,7999a90b859f8b08c39489ad4e20650546964b331dbc4fde1fa071b867fcfa76
cross_domain,R/ASL_R_010.jpg,R,17,1bedefb350a42cf3034a0ed94420f2f599b018e954555216e8ea2189a22b14ca
cross_domain,R/ASL_R_011.jpg,R,17,b3a2a6c5aedfb8320099ceb6923880cd7d63f5ae1468f0ce98d57da7f9641251
cross_domain,R/ASL_R_012.jpg,R,17,30ac238556172a339f11bd90fe4de707db9c09f3ce0691459dd020a9714836d8
cross_domain,R/ASL_R_013.jpg,R,17,7708838d762d503b99a78b78ba05dffd9a90c1be450a92afb68cadf084034ba9
cross_domain,R/ASL_R_014.jpg,R,17,a5ca63ff96cb0faef84d545258d0f8a6e6cb5b65a545a075ec14367f210a7dd3
cross_domain,R/ASL_R_015.jpg,R,17,fffaa300c8bf483365fe79847bc3e8e3cae015117f4994944af122fd0904cee4
cross_domain,R/ASL_R_016.jpg,R,17,7507b181dd933b47380d32df098cebd386ded61bcdc1dce731ec6f208915cad2
cross_domain,R/ASL_R_017.jpg,R,17,3cecfb4d8eabe02a7c6348c7d0ca4728f067135e81525d44a4322059ef549a57
cross_domain,R/ASL_R_018.jpg,R,17,6eeecdc293525be7cecf1a04315feb040888b66324709e994a722a7e5820d4c5
cross_domain,R/ASL_R_019.jpg,R,17,ee8ee4a565acefc7219ad5b98e42afbfa7d5e400cefbf92df7c9d5219a265173
cross_domain,R/ASL_R_020.jpg,R,17,034c96231431f5369e816ecd7055f818dd1dd1f4fb7c6a3b1570d8f7e0163dfa
cross_domain,R/ASL_R_021.jpg,R,17,b9a383af351fb616b912e171601ffb8fb47953b50580fb7017ca615fc53296ce
cross_domain,R/ASL_R_022.jpg,R,17,740b1c6959fb5cee1ed498b218364d777bb9e0434ad6795b525555ec757c5e79
cross_domain,R/ASL_R_023.jpg,R,17,664575c510002220230ab4ae7882ea7a1425d29a0a5f6831fb62fa32319f101f
cross_domain,R/ASL_R_024.png,R,17,90a83d44597203f34d5d6e43fd70efedd7ae7e22bf56db27a214559ab76713bc
cross_domain,R/ASL_R_025.png,R,17,148779269e1cb3fc486436c2c5d009bd232b5c535bcad4a3f519005192ca5099
cross_domain,R/ASL_R_026.png,R,17,51db763057c0766a2c146629257041c7e919bf01d97b79c0fcafb120820fccc3
cross_domain,R/ASL_R_027.png,R,17,b5247113bec281f705018e8673ebaca1811f12f6c2efb092420399a841130c51
cross_domain,R/ASL_R_028.png,R,17,6629ce05abb1765cc7c895c3717cc2fdc25aec30d37e72f01d2a0bc213195abb
cross_domain,R/ASL_R_029.png,R,17,844b565b9b9892848f0cd162088ec772ac1693fde78a53012ba19278b0c82fc1
cross_domain,R/ASL_R_030.png,R,17,7bc593e3667685873e63b0082271e58c90b9f36b030f9b7b620c00db5b88b092
cross_domain,S/ASL_S_001.jpg,S,18,77da1652636aeff80d299878521fbb041c56675ec5d83e172fd617980faf7c6a
cross_domain,S/ASL_S_002.jpg,S,18,abe48ca4097a3a6a59bc2dfa8abcaab7b20c58f43bc3a29c75c63122b537d241
cross_domain,S/ASL_S_003.jpg,S,18,52efae618217d5ca980f30a07cfcbca939904815e47973779d54c24fb6df09f7
cross_domain,S/ASL_S_004.jpg,S,18,b2ada4b5ea4afe56c34a946d42a4d2e52190a7423094c707d94ef00837eee728
cross_domain,S/ASL_S_005.jpg,S,18,9126c8ec7bcdd03853b1f9088a06158dff5490bb889cf7d8e473feaa61d3e4c9
cross_domain,S/ASL_S_006.jpg,S,18,ca1f0a96d2d088cbcbfc71a2e391ea3f350a3d3fe78eb31885d4d48f44dbd424
cross_domain,S/ASL_S_007.jpg,S,18,c8a1543179d31fa32adf5e07c0a39ee2f4cbc79731827543749efb344bec792f
cross_domain,S/ASL_S_008.jpg,S,18,affe8b3ae25a6ea9bc4c8b61666956630312bc52f56dd7da05461f35860498c0
cross_domain,S/ASL_S_009.jpg,S,18,c02f871c007fa8bfef4d53458616d3c48e9d2bde362c298dd1ab4ab3bc56b589
cross_domain,S/ASL_S_010.jpg,S,18,0ba2605f2106754c43f5de61ae61f361fe4449758d9aea54a14362d27be7de07
cross_domain,S/ASL_S_011.jpg,S,18,2ecf52d1490c0635d560c2a1dc02a6787624fca4b5b3e7eae10e11f05d1d8d69
cross_domain,S/ASL_S_012.jpg,S,18,1f7f6d6714573e0c4c6da933ce9ccf5655c59c304687c041a4b145a6892b3c56
cross_domain,S/ASL_S_013.jpg,S,18,dbaf47982a90de0de8fffeb9bc70faac2db07d3cb2ab9b37194f26a838db3d28
cross_domain,S/ASL_S_014.jpg,S,18,278e91740509ea3cd37ef6c04dc5938e26eb2b80f263424c39270e761de89922
cross_domain,S/ASL_S_015.jpg,S,18,cb3725405b98f32d561a9b371e659c1ee91e5099e9e3e1661b3db8dce1e47446
cross_domain,S/ASL_S_016.jpg,S,18,b9d50eb9b81673456993788c6e4a01b6193958064c2f58575196f9699e42c60a
cross_domain,S/ASL_S_017.jpg,S,18,e2fb49dcbb39781366b44494585d85b3df9698f45dcc358443f5b0e84a3cbea6
cross_domain,S/ASL_S_018.jpg,S,18,507311cfd33e9f1847b7ef1de86e1fced63aa7486e7c6dda7a49d81724ddfebc
cross_domain,S/ASL_S_019.jpg,S,18,7e7aadec026b9a309416072f3fefcf8560deb557c92771ef53e85a89fe915860
cross_domain,S/ASL_S_020.jpg,S,18,47561ddcae1df589f610ae6b411a07060d52341fed3fab9883b3be943c1c71dc
cross_domain,S/ASL_S_021.jpg,S,18,f11f427d72f6de204654f1b98760520d5fba09913f662202f2c748d5ac89e3e3
cross_domain,S/ASL_S_022.jpg,S,18,1707d53a95e10619e5e4e952de9c190824c8aff3a7c94939a2f22a475275f0ab
cross_domain,S/ASL_S_023.jpg,S,18,eb27752122d1149253f7e356af9037948a33b4cbbecf7a6b7e37af5b87a785ca
cross_domain,S/ASL_S_024.jpg,S,18,07866d130c9788523bf2a0e131e07e8af6628885d7ad4eebbb18da30d45a7929
cross_domain,S/ASL_S_025.jpg,S,18,1a46c32eb25f61e622bba328f79d26bcf7f176b108a79d96b4b457a4ed794a14
cross_domain,S/ASL_S_026.jpg,S,18,9c4eb2d546b4bf02d5ac3e6b1981241fa831a183e9cc23bf3c0f6583a167b299
cross_domain,S/ASL_S_027.jpg,S,18,df869dc700ce4e5bce56e06c032db722d537349403f6311acfd203854fa78952
cross_domain,S/ASL_S_028.jpg,S,18,d8e579ba32feb43e7d0ffdd6b5060717ea1f50150f01a85773b8965432f27bf9
cross_domain,S/ASL_S_029.jpg,S,18,b42255a72be94dbcf2549206afb66beae961f9784dc5ad3c11ad6adacf99793f
cross_domain,S/ASL_S_030.jpg,S,18,409bf0dd3ab540fd69c9fb4842d9c94e15f1c363ce21a2e7f7b7356b6b306bfe
cross_domain,T/ASL_T_001.jpg,T,19,4412873383e78146de645965b554c2355c987d3b868c935ba23d2b78a8819bc4
cross_domain,T/ASL_T_002.jpg,T,19,c106e3c2aa5de1dc0597d6d628f8cded028c2009b470ea227b8a8b3f00e1f3a9
cross_domain,T/ASL_T_003.jpg,T,19,d0267a9cc74eec37be17e852d95f24a82cb920e6508ba3d76711ceeea573aa86
cross_domain,T/ASL_T_004.jpg,T,19,2a5d3211f5bfd7dce1da6263f6683af9983c8fb65758b60bc0ff6062acc6d21b
cross_domain,T/ASL_T_005.jpg,T,19,0378a2394f97794318a814d44ba48516d58408a7ce0e74380dfc8b581823a151
cross_domain,T/ASL_T_006.jpg,T,19,01b2d9b4d959ea5f25291fdce15444ce294e71b8240a18ab9b0598cbdbd19ea1
cross_domain,T/ASL_T_007.jpg,T,19,f3fde920e9a96cf25a724004f763a370976224339e6edc589d4a06808a3a6600
cross_domain,T/ASL_T_008.jpg,T,19,00af04c9c7380b0649f5077331eee900e9352995312c6a8492734aedf68b5851
cross_domain,T/ASL_T_009.jpg,T,19,cd826ac42d92cd37dd27c6f8fd3d7ee29af938be61b6f4c446ebac9275ca6836
cross_domain,T/ASL_T_010.jpg,T,19,c0c4d90ba34b3732bd919e1d3d8f24095acf349b3a972ab9014c49d50b874d4f
cross_domain,T/ASL_T_011.jpg,T,19,9e8e872cebe1603805e05477bd13a543857bcd47dbaa12540b648943513ea961
cross_domain,T/ASL_T_012.jpg,T,19,fcb5a4d9f1b1ae768d582ac5bc1c3849b5c97336ce2510e128c103d3fb1a68ee
cross_domain,T/ASL_T_013.jpg,T,19,1b218d05b6bb3ed2403f4898dfc331cace243af7f656f9285374ae57a0b9748e
cross_domain,T/ASL_T_014.jpg,T,19,0ea96b3947826c0bca934a803fe49b76d45c7f5d5abf2793d26ae0d441daf700
cross_domain,T/ASL_T_015.jpg,T,19,f1d111cf77135bda352cbe4b87c8658c8c5601f22f4c56ea2fe992de3deddee6
cross_domain,T/ASL_T_016.jpg,T,19,2ffad7fed9114bbb44de5f4bb4d19b764bcb00027194b8a1649125de0286fa69
cross_domain,T/ASL_T_017.jpg,T,19,cff62f04c421684d315ea45720d762785bb2e6c7c270e700061831ef70d00cfa
cross_domain,T/ASL_T_018.jpg,T,19,82fa8d8258e5bb9403a91621a408b937b3dadf500b6ba89a6877818afe26687e
cross_domain,T/ASL_T_019.jpg,T,19,2a438ee3c4d31926c182fb7d69a85354540dc0f456b0cdec29d0661f4490c204
cross_domain,T/ASL_T_020.jpg,T,19,9b5a8dc58e42c4e03e422fdb712375b12938aba55053e923c9d30e46c741ba62
cross_domain,T/ASL_T_021.jpg,T,19,f5b841327e404b3f8ad8da693217dbec28e82fad90bcccccce2915ca947ef5d8
cross_domain,T/ASL_T_022.jpg,T,19,1a38c0238bdf67b5de563545fe99f5a4bc368478b0835216f320d362f26787a5
cross_domain,T/ASL_T_023.jpg,T,19,1d23839ecb9d686532de0b209466fa316f55df7585493439ed8e59c0e809d13c
cross_domain,T/ASL_T_024.jpg,T,19,511c0b24f6eff512f328961cebd81254c97599e7944ebe425b8c0897a737b0f9
cross_domain,T/ASL_T_025.jpg,T,19,46aba7c5a5276f2230feedf92a800b29e8e97961bda96b28bcd341e875c32741
cross_domain,T/ASL_T_026.jpg,T,19,b7928be37bca26f7e89372cbba280921edd0ee099eb91a959e9d7e8e5a6c643b
cross_domain,T/ASL_T_027.jpg,T,19,b088da371d08f7ca9296460a73bd34dab24f627436275975b33e88c86c4e0070
cross_domain,T/ASL_T_028.jpg,T,19,c02240f1100a7e9bbfb1e5d774e1e1124153d106477092232ff8a53d2a875c29
cross_domain,T/ASL_T_029.jpg,T,19,e35a125e3673ff6feb3e82c4681506f3246e5980d2ceebe6498715e5aeebd3bf
cross_domain,T/ASL_T_030.jpg,T,19,d18139b1c2b6267c0fe3880bbaaeb7edb55bb4cf4637eafebcc48bb7760ff503
cross_domain,U/ASL_U_001.jpg,U,20,0fa25f901f77462c28a1785bc8ab2eacf045e32d39a5acb1586916a678dd3f84
cross_domain,U/ASL_U_002.jpg,U,20,4bc60fc00ee4eb4199c7531b1ae473aba947c43d6f1331f210b84acb0ee532ad
cross_domain,U/ASL_U_003.jpg,U,20,ac9a620389a9e467159bcdf9757b43bd8ccbd1b42dd32d8abf06c773de5b1f44
cross_domain,U/ASL_U_004.jpg,U,20,73298c670b0a54ff30dd951fc18c58806292f9c4904cb263b1f381c58f5a55bb
cross_domain,U/ASL_U_005.jpg,U,20,afee836ec46885bc0184b3c97d073aac19fa35ddec20c87534ca7e1acb52d9be
cross_domain,U/ASL_U_006.jpg,U,20,c5217e65bd3e1279c01b577649df87224be3a4005cb555281ae1a973d969d148
cross_domain,U/ASL_U_007.jpg,U,20,d18384ae5e7d0f0329fa2b47b3571dae1d001c85e0534e1e981c2810974198ee
cross_domain,U/ASL_U_008.jpg,U,20,b124078788387a6ee4c00a347c24326a8cf4d09c851842730a5babc43315df2a
cross_domain,U/ASL_U_009.jpg,U,20,78dac8431cba6268d7003c19f47a34fdb4962befaba9aedaee4ccbe1655430e1
cross_domain,U/ASL_U_010.jpg,U,20,54166fcdfb6b1b99f1cfc43810766387dedf388501162ed22b37778b867c905e
cross_domain,U/ASL_U_011.jpg,U,20,15ae9edb9a4671632c2ce8f3b681dd9c110c947d6f942ad6fdf415c3e2901589
cross_domain,U/ASL_U_012.jpg,U,20,7dc71c265a64e60bf771362a70ef4d501b4c6bef21d70f514451f39a9b304006
cross_domain,U/ASL_U_013.jpg,U,20,3165b0d03d282fac9d2792472946fa34af948f66c1af72015e77bea2456cec0b
cross_domain,U/ASL_U_014.jpg,U,20,93d629030c8085c16e6b8ed8edab8ac845e60a8155bbe02fe004ad9201acbaa5
cross_domain,U/ASL_U_015.jpg,U,20,63bb5df802260ffaf6d9f169d29f67b5cba3f59aeff42fa10dc06d6c76c4e6f4
cross_domain,U/ASL_U_016.jpg,U,20,b712893ae058790df03b504f88a78e3bd6377c6a0ec4fb13a322037dd0c7c55d
cross_domain,U/ASL_U_017.jpg,U,20,4fce64234526670bd4ea7b160b403e7eb4424e5ce759d38b4491f1eba59510fd
cross_domain,U/ASL_U_018.jpg,U,20,f795eea6e067dae4c7231d175594dd9509ba39b137d5b120b3fa5a8a6b17ae4b
cross_domain,U/ASL_U_019.jpg,U,20,ffa57bfac3b5d14a8fc1a985a80f461b6e287e8718f2a754bc6f3e5b227b275f
cross_domain,U/ASL_U_020.jpg,U,20,46c57b6f978c67842567951877f956a081053fca59bf0dbaa0319f4038c47039
cross_domain,U/ASL_U_021.png,U,20,ae0489ac9b282bba6ed3486d5be6c414ca3f18c9900e2c9a530154c13401663e
cross_domain,U/ASL_U_022.png,U,20,6737428cdfb94142d8ee873d839628dce9df5026288a9ea6667bad29c3892b10
cross_domain,U/ASL_U_023.png,U,20,a132f0bac6d396f804d67b98a4a87ed51ebbc5a6b66a74e7baf34bf3289a0247
cross_domain,U/ASL_U_024.png,U,20,51033d8cfeabff78741102496c326915791718695e7771094a75b07d21d873b5
cross_domain,U/ASL_U_025.png,U,20,6fac742093256535ca126ed601c75a3d89353d09f1784dc7e40515f11b5aae35
cross_domain,U/ASL_U_026.png,U,20,c77bdfb9971de60b7992ba9f0fb63006192d502135584029b116dd1e94fe1056
cross_domain,U/ASL_U_027.png,U,20,5521a8aea887fd36f07a06df71bb18b945980c5a7831b8b20f43433f7990fedd
cross_domain,U/ASL_U_028.png,U,20,cd64d2217424dc80f1cfbe5aadb42003afff6c00331e894949f1a527af350046
cross_domain,U/ASL_U_029.png,U,20,73bd22c1d239c178793cfaf676c3d86631e24ba4b8f8a32f59cc51ddbf4c23e2
cross_domain,U/ASL_U_030.png,U,20,94c95d74a25c595e1f3f10fee649fac17c5bd68035ddd1c7a53856a613dd4afa
cross_domain,V/ASL_V_001.jpg,V,21,cb7f4d79effe87246cfab1891c3f91548a266b4ea08bb98223240d09e9e6fa07
cross_domain,V/ASL_V_002.jpg,V,21,6b38b096b3c9115a80680d1b673b9a0667490a83cfc6e1133eea67a57e3eae33
cross_domain,V/ASL_V_003.jpg,V,21,15b304616e9003e537aef3f028033c959a464b202705779f6862d251b8b06a8f
cross_domain,V/ASL_V_004.jpg,V,21,a04418358f9b38bb0ac2759299f1080002f77cde58265940b1ff5b1fbcc3e3b6
cross_domain,V/ASL_V_005.jpg,V,21,e3fdf19c73a78d3373773a33f6468ae18c574d843a97ff102a285215baaa5b38
cross_domain,V/ASL_V_006.jpg,V,21,0192ff8c2aee6c93014c9bab197b03f99bb91374b1d8708f10e501e72506921f
cross_domain,V/ASL_V_007.jpg,V,21,9873681694a2228ce30bbf8e9992512ab0c35bb9cfdda5fa644f9658ae2266ec
cross_domain,V/ASL_V_008.jpg,V,21,a34de884bff731bbb437efb6dca4734316f440473635f269e9687e28c6c5b6d2
cross_domain,V/ASL_V_009.jpg,V,21,5f8d8aa852a7b9aa071c2ac5bbd9200213c5f95c8023fbdc77eb91ecffe4fff4
cross_domain,V/ASL_V_010.jpg,V,21,3bc35ba42b44ecf406c674f6fcfc422caa7a211a9616c0c0f720cb0e019df669
cross_domain,V/ASL_V_011.jpg,V,21,8709e53a00b9508b4911353a8f409765287d8fcabcb760cdaabfd566f033e50f
cross_domain,V/ASL_V_012.jpg,V,21,9dd45321cd9269e05b92751a00abf8f5cb8a1c1886140e79c00cd2439edfc579
cross_domain,V/ASL_V_013.jpg,V,21,e86baae839abb4cbff21936901bfbf1405861ef7709e47e3e3c180496fabba6f
cross_domain,V/ASL_V_014.jpg,V,21,dee5cff3f281f3cdcc8f80d566c74b178a1b4a2431becd80c20a6e831654d144
cross_domain,V/ASL_V_015.jpg,V,21,713295f4a81e2b19c098d2e63e0a74b0a60c2d0f173a20f76f81c2adb3f9aedf
cross_domain,V/ASL_V_016.jpg,V,21,46268f515dd5cd8e66d9fe0022c56d77e7cd1c336d75a84b4d58addc7710fddc
cross_domain,V/ASL_V_017.jpg,V,21,6a5cc954bb649751b783242dad7167e070451155d8a566fe959eb140084a8ddf
cross_domain,V/ASL_V_018.jpg,V,21,be1a90eb4472fc7e8b7698a2b44eb536c8922d6371bddc88d132513784944b89
cross_domain,V/ASL_V_019.jpg,V,21,fdf7cd12354cfb8e34a0b59b179f79b9f9207daeeae2ffc00d7ef2e2a24e29a4
cross_domain,V/ASL_V_020.jpg,V,21,ad891ca8711cff801e59c0aa15ba0599788925371d4a0c187d8e1dafcc52c347
cross_domain,V/ASL_V_021.png,V,21,1b03df784b2d8d40120305b363f1a33f28b2cef653f03b880dbb47dea538ac93
cross_domain,V/ASL_V_022.png,V,21,0ac3c76f67461d26aea33caf2888474e313ee17067c9611b70c01c2886bd5c1e
cross_domain,V/ASL_V_023.png,V,21,689a998cc2c72a9902834db4f71fa039a1f9fd57ec8ea174af84ba560e46b91d
cross_domain,V/ASL_V_024.png,V,21,313d8c8dad0ae46141be597b2010c32eb207ac107f2f9754187a4bdd92689453
cross_domain,V/ASL_V_025.png,V,21,ecbe98e9ef9317c20ced2f0a64f0eaa439374aaa2769553573db61be4fdf5e77
cross_domain,V/ASL_V_026.png,V,21,38669cb936c92fc806e86ce7980c81bb5f3f43b847feadd8b11629bc103bf0b4
cross_domain,V/ASL_V_027.png,V,21,6abcf90e20f5f6d03b664ffd3538cd0a7095842cac8a57fc9739cb64a66dcb1a
cross_domain,V/ASL_V_028.png,V,21,c260dc85fd87e62ebf24f2f19f5fb3f8b5ab75b5c0b3940759c39e3f8726fda7
cross_domain,V/ASL_V_029.png,V,21,13107c518f80692b36b478e61f54df787eb0f42dec5f5f0447a52b7f90977423
cross_domain,V/ASL_V_030.png,V,21,429d72e532c1aa32d285fb4f3bbb206722c6cbc0d17247a08b3d4ae03c852884
cross_domain,W/ASL_W_001.jpg,W,22,2439530964da92a2076ad7fa3dc051c1924a2c6e2e65447f534ddc387736afb3
cross_domain,W/ASL_W_002.jpg,W,22,f786389ed62a8780fd2b51b59991af32ec8133136db35536fc62f89989d3d502
cross_domain,W/ASL_W_003.jpg,W,22,fab269b21d27853baaa91419f162f8fea428f783b50bf78037427b2237132153
cross_domain,W/ASL_W_004.jpg,W,22,2814e29f5b9e453e1fa767b4f11253c734a654627137d3489c770850097c3199
cross_domain,W/ASL_W_005.jpg,W,22,a5a3669e63483114e29c0d42e22d38fb9a7919bbf3dc5f4c217e113b2544e4a9
cross_domain,W/ASL_W_006.jpg,W,22,75a043bd01063c566e9fc9d27e58e4fa3ad627191679f64dbb6ce940e01eca9f
cross_domain,W/ASL_W_007.jpg,W,22,f9df299ebbac9ac04007f37a0f0a505809d322c0a6ca749a1852e0594bf16d8b
cross_domain,W/ASL_W_008.jpg,W,22,ea84177182164df86f796489697e869130851d42179e0fb06e5cffe0b2b8f305
cross_domain,W/ASL_W_009.jpg,W,22,39db15acbded1649227de881eceae191c047e4b9cbada293e2c1854eb259fe2e
cross_domain,W/ASL_W_010.jpg,W,22,c7bfa60124e953732df64b6248d1d7b24244cff4ff296f8a11285b3f17ce3fbd
cross_domain,W/ASL_W_011.jpg,W,22,4105ebbee39397e72a1cf0514e76c0b4ad8e2130cfe8883fa1d294bf18a76ede
cross_domain,W/ASL_W_012.jpg,W,22,491e658c809b08c70834b4f873db2933f1ab670a56d417607aa81508ba56c9eb
cross_domain,W/ASL_W_013.jpg,W,22,4ea08fa30b49d51600b711ca7f243a9d90cb3734cb9a1d2329ac965802d75b96
cross_domain,W/ASL_W_014.jpg,W,22,84466830ce27eddf5ff1dd574cb05ce84f4ff5798c58decf3a3981be82375c71
cross_domain,W/ASL_W_015.jpg,W,22,f6657a04331aec1e92253f9673f7a0e28e07fa57e109b442c455ba5894f64cb3
cross_domain,W/ASL_W_016.jpg,W,22,eebb45a723526adf9da3455290f756dc29a54033583db75bd915583ae5903b84
cross_domain,W/ASL_W_017.jpg,W,22,dd5bbdf2f77503aa94e9a81784f2826c514842abc85a6a03edb93f1e5db56aa6
cross_domain,W/ASL_W_018.jpg,W,22,2e0ff969562039a9c606eed016cd107f690584655989c6433ead240411e2c3e4
cross_domain,W/ASL_W_019.jpg,W,22,15010a6b7b16adbf5ba8ef3c5866e41b4eb87d38ca2d0b18a394a90c3ba2cc8c
cross_domain,W/ASL_W_020.jpg,W,22,1742213401552d8dc701974bc95ef9ac2ffd99e60de774b334308c3427386977
cross_domain,W/ASL_W_021.png,W,22,d9291ea14d1bffaf6073b33a7346feb019a7b5b031666ecc32dbb1f7e72a1fd9
cross_domain,W/ASL_W_022.png,W,22,e9f00438cce1d66a7c63e992d1104fbcb015dc885eb6909659336da0325d1bb1
cross_domain,W/ASL_W_023.png,W,22,9abf9f3ba61c72a13b512a148c2ef5b222a8c7c30fc00089255ec16117be0625
cross_domain,W/ASL_W_024.png,W,22,8786d38b0cebbdc59456669ff9d231739ecf317e953b1faa5c6bc08116ce1057
cross_domain,W/ASL_W_025.png,W,22,236ee7d700c0c1ff6b73d455954cbb34d9c797acacdebec81ede0c6ebee01e14
cross_domain,W/ASL_W_026.png,W,22,a7de396f559d3db6cea516cf4e1044d75f10385aa81a4295e68ea8f090d413a6
cross_domain,W/ASL_W_027.png,W,22,e60771ad4b03f2e230544eb040393fa130db8876c0a7b0e48c1b3e74815ec902
cross_domain,W/ASL_W_028.png,W,22,290a293f412882dab54375c5e66af3a547b7d8a2ab24b6bdc0c5f000a642b6e1
cross_domain,W/ASL_W_029.png,W,22,d9b5d86f4491055142d6e23ad292e1ee2a330cf64e979b18c73703fab88be677
cross_domain,W/ASL_W_030.png,W,22,5d683de008af55654ab25138c1586de40d5b711ac9bd1175231cb364c6b0ac24
cross_domain,X/ASL_X_001.jpg,X,23,d7b9d9693250e92afc32da6e1fb0253fb2c347a9b4c840ed9c5b73f120191be0
cross_domain,X/ASL_X_002.jpg,X,23,22dd557b9d8f54acfd505ec6cde06f4ab9c7bfe113bc877e21cce41141d0b484
cross_domain,X/ASL_X_003.jpg,X,23,478d25a3ac86dbe7a154930973a1451b88da57cbcda5973adcd5da30d3b7042a
cross_domain,X/ASL_X_004.jpg,X,23,764392cddd5b48b6e4619556f37dcbc149ef19b593afeb92069fad9052b4ec6c
cross_domain,X/ASL_X_005.jpg,X,23,e275d866cdabb0d31d786a2949fc095b3ffc7552bbb4cc2d73466336696b60d5
cross_domain,X/ASL_X_006.jpg,X,23,3fbde952d571a97c5764619fddf74e7c9c8586b4d3edcb6e7614f7840e9efe83
cross_domain,X/ASL_X_007.jpg,X,23,6e1b74b53e243097682d466ed9bd311b2304faaaed8e47be622a96aa46beb27b
cross_domain,X/ASL_X_008.jpg,X,23,56a6511c999e97428e4c500fff3f3cc3e6ad03d188da77ac003586640b8bcfa8
cross_domain,X/ASL_X_009.jpg,X,23,bdd50e68bee9a4ee3766aeb2747bcfff0e3b24a875a59072952b8a9142561ead
cross_domain,X/ASL_X_010.jpg,X,23,898ce52195a9139cb4ff59fb80e898d9b9409bcb6a3d7cfe8e97f1a47686ada1
cross_domain,X/ASL_X_011.jpg,X,23,9d4dcacad2ec2da4e3721357f70f52efbabf376f1b12796473205f5794d8833d
cross_domain,X/ASL_X_012.jpg,X,23,20af31acc1aa3581e0558bbc9d5f4e6d5545349b064518c6efdb5b5a669f21a3
cross_domain,X/ASL_X_013.jpg,X,23,c8ae83f41389b57de11d8f165ba0c96871387f16a80397b562cb84f33bed084c
cross_domain,X/ASL_X_014.jpg,X,23,800ae21dcb2ed0f8d01d3a5886a915a9ec0c442d9911782b3ad4259ccbaf668b
cross_domain,X/ASL_X_015.jpg,X,23,3034241759913dab92c43543325cc8a047705805251a418f424d6dd55b549ea4
cross_domain,X/ASL_X_016.jpg,X,23,e31c1c94fccbb2460d06d9f7c47cac992bc6c926ce9f7857830cc3ec0250af5a
cross_domain,X/ASL_X_017.jpg,X,23,86f97c0ff41284c915a42b5f3741837ca78b0cb345723d10c698a3023aada972
cross_domain,X/ASL_X_018.jpg,X,23,fc1b12e0e60126af3aca6797c53295f0d913560211b6be3a99d57f7f5680c0a2
cross_domain,X/ASL_X_019.jpg,X,23,0a9d3ff26508daab2ab0a49ef2aec1c31d67bdf6b0bf3ad69d4b1047f74bd95c
cross_domain,X/ASL_X_020.jpg,X,23,2d9bb9e054fb075749d252dc85c4f6f079e280bfdfb374ee5b43e4127a389cf1
cross_domain,X/ASL_X_021.png,X,23,471f8b10d6f8cdaabdccd2be5c1023a3a3b9437c543fbce97c8ce33bfdbcbda0
cross_domain,X/ASL_X_022.png,X,23,1e0330e54b1e66897221da6f6346e1acde325338e609df2c3b7c5d9e62c59d01
cross_domain,X/ASL_X_023.png,X,23,bdf6d3683844493c5ce5bdd6c3b22cc7d66dc8fca7a18e14ed13938dc17ab8b0
cross_domain,X/ASL_X_024.png,X,23,ad25a4e9a9ae4366b28ffbb7c2b669b86d6ac83e3dd6efd4586dc9ae3c0896c6
cross_domain,X/ASL_X_025.png,X,23,f6076eed9212505fe151610e72f2579a1eac2f71b8992897b559146a5cd28afe
cross_domain,X/ASL_X_026.png,X,23,2977082d48db3253ab57010780387bd93472a771db17b841e71d3fe02f24c1de
cross_domain,X/ASL_X_027.png,X,23,b73a1b870b9d2fd2d3dc17b4626325be1d06fd20e8f286fb617070517de68aff
cross_domain,X/ASL_X_028.png,X,23,fb78f3bc2df9e2515c9ee948397571ea0f6d4f22900514f69695adec9635c795
cross_domain,X/ASL_X_029.png,X,23,81098a140b110edd46692cbbc36cc0f243cdb8ea92483161d8189e9a44e97b2c
cross_domain,X/ASL_X_030.png,X,23,30c9c9c457ad8d1ce19963305acde202bbb824a1d0fe5c6a8c446f7ecf3f3314
cross_domain,Y/ASL_Y_001.jpg,Y,24,af1cff57ccdf3b634247063f38803491cea2563a31e8f43b26b7a72cc162764d
cross_domain,Y/ASL_Y_002.jpg,Y,24,c7010209c8da4a0ed067185bde286f53cb97b78ad4ee651bf024fc886afca283
cross_domain,Y/ASL_Y_003.jpg,Y,24,e8985a0147e6c6e8b4c8dcd9c862dc7efa5fcf0ac7bd963538cfd1f53319adbe
cross_domain,Y/ASL_Y_004.jpg,Y,24,147058a920f61ed888756844c96149f35fbc8ec4cbbec8cdd1f29ca1d9eb154f
cross_domain,Y/ASL_Y_005.jpg,Y,24,3d02fcae521ba2352849f7c88fa6eb86827655ddbed6b39027f9c244e3cb01d0
cross_domain,Y/ASL_Y_006.jpg,Y,24,27a0657fabe3d78b9f1d773da558c156d8ff6b611a5a0169b641b06329dc4d5f
cross_domain,Y/ASL_Y_007.jpg,Y,24,d9e36c29561416261db20448d6a4728a12e854cbf8cd785c837edb9a4be3dde3
cross_domain,Y/ASL_Y_008.jpg,Y,24,69d4e1c320404c98e33760cc09176c3c0040d0f07b6deb956dc5a3f1edcc1d0e
cross_domain,Y/ASL_Y_009.jpg,Y,24,4a51dcb46f8bd608fc9ee56ab3d059ac6062d001b41e0fff75115a5b9ea50871
cross_domain,Y/ASL_Y_010.jpg,Y,24,f650c5e1409e8eb0f3da27be56960485ddb7250ced3410435981d4cb86a6bbca
cross_domain,Y/ASL_Y_011.jpg,Y,24,b990afa80b6c930cfb2021a525efca24e935f4e161ae9792fb6daa392834cfde
cross_domain,Y/ASL_Y_012.jpg,Y,24,d8b14407dde9844b0669d966dfa42d52ad72edbe6929c53926cf3035a1a4d8d3
cross_domain,Y/ASL_Y_013.jpg,Y,24,6a2a1e81c650f2c1bb7d44731d8a91df8bb2a0a97234b40ea629676f4f0af945
cross_domain,Y/ASL_Y_014.jpg,Y,24,d6a7216d82ea6bf454722a6c58e12924eb9291a9c340145e0e7be22992f23732
cross_domain,Y/ASL_Y_015.jpg,Y,24,1f9bc670f5bff1070ed614ec53515107dda7696e6d88a360e802bc307ed93be2
cross_domain,Y/ASL_Y_016.jpg,Y,24,a3520968c8225656d85f4e8cd8c4675fcf4284380e0d467c0f5141fc99c1abf6
cross_domain,Y/ASL_Y_017.jpg,Y,24,e7658b01ea6e300dce855a2c3acd7d8186941fb07c53ce1275e849eacdad832e
cross_domain,Y/ASL_Y_018.jpg,Y,24,b5d0ac6234a88f0d9616c0a1cd6ef2358da8f95723be8bff56aba20bd94db4e0
cross_domain,Y/ASL_Y_019.jpg,Y,24,c7d9c191bf4e49ea3083e231cf03e1e495604876a941b34574c66f9f4b941bd5
cross_domain,Y/ASL_Y_020.jpg,Y,24,f0c0b9c88137453176727265e052f3af844a3b1ff58afd6aaa5ba822200fea9a
cross_domain,Y/ASL_Y_021.png,Y,24,02ef350ff483b9dde0897a210c8bd54e4f597b83a56e601eee8d22249ae71459
cross_domain,Y/ASL_Y_022.png,Y,24,622b76c46f19e95dc5d70d31ac7ac06f2e759192957e2bcbcd4905fcaac1b0cc
cross_domain,Y/ASL_Y_023.png,Y,24,55efdbf563b78081098ac39807eeed380cf1969a1c4d284cc84c8e7f9aecef20
cross_domain,Y/ASL_Y_024.png,Y,24,c6c7b1008fc83c1791ce64894cf6d55c17c4f79605b554a32f1c3550d624bccf
cross_domain,Y/ASL_Y_025.png,Y,24,21976db6de7d46da93c2793138f7d2692c80bff6bc16e4f0e0aa346c6bc00c65
cross_domain,Y/ASL_Y_026.png,Y,24,08a1bfff729b998af237b2c74dac6c85f8cd2f30da06a057d672ca75256198ae
cross_domain,Y/ASL_Y_027.png,Y,24,97cd31d28d71a1f7ca24917f82111243043e5ecf0776fbc8f4216319c3265528
cross_domain,Y/ASL_Y_028.png,Y,24,d78e748db1a66313d2bf5eb7a4fa400fba7b63f56b2ed47e0965ee074a03626a
cross_domain,Y/ASL_Y_029.png,Y,24,fa09274ebe5679457fdcf0b43904fe83ee77a2085e2f235d406fe7c662a19f6a
cross_domain,Y/ASL_Y_030.png,Y,24,3b5c1b1324aad213bb0f13a6b08b328b01c5913f2d66bbf27f54f1a0bd308cf7
cross_domain,Z/ASL_Z_001.jpg,Z,25,0624821ed6edfaa4726f0f3d899d80c8ea7d3991f73655cdb7b73cadd5c84897
cross_domain,Z/ASL_Z_002.jpg,Z,25,f17bc12e9749c7f8ea9467151c2650c6b5249de874e730a77851527d8aafb7bb
cross_domain,Z/ASL_Z_003.jpg,Z,25,44aff75ca36db2dd00237138f99b1e87f6556b3e2824cf9b51cb76a8f535641f
cross_domain,Z/ASL_Z_004.jpg,Z,25,2fc4b2d7cf33adeb34c3e7d9dc58628d023886113ccb948331fb028128992a6c
cross_domain,Z/ASL_Z_005.jpg,Z,25,4e7c2144aa0455dc26c3983cd58122abf6d3ccb8a54e32854cfa0fd402bddcdb
cross_domain,Z/ASL_Z_006.jpg,Z,25,1de9246c509d2436cdd94dd3fb58b7888655b574108aa3bc073c9e2148069a05
cross_domain,Z/ASL_Z_007.jpg,Z,25,a17d12d96d44452363aa404c587e9152b22cc1cdb41c959a9a588d28f32441ad
cross_domain,Z/ASL_Z_008.jpg,Z,25,dd62a835d307e7ca64882c768813b69bfe97cc21f50e9b1c7e2dc489563cffe4
cross_domain,Z/ASL_Z_009.jpg,Z,25,7843f0e4d304d4497d29e592dd5a384a1389852cc22520cf233d0177b79b1e4d
cross_domain,Z/ASL_Z_010.jpg,Z,25,e54afd2ad4e17a7898f6d2c3ac34c02a7942a274539c852f4cf1da481f7b3d25
cross_domain,Z/ASL_Z_011.jpg,Z,25,47f71b33a82b90efa3e5fbbde347a274f10a3c64d6c77d280fed41c7eced742e
cross_domain,Z/ASL_Z_012.jpg,Z,25,4a6837143c315dedac889aa3bc74fa99e141da817f131b0bc416e0256d9faf26
cross_domain,Z/ASL_Z_013.jpg,Z,25,c1199dd5db6fe528c9c8937a94c09e64da83f2eb3d214fb4607087daf14ef51a
cross_domain,Z/ASL_Z_014.jpg,Z,25,9be98ea485dc2634b99e69cf96d9a888a4f3382c57d977102c0304076f7086fe
cross_domain,Z/ASL_Z_015.jpg,Z,25,df024cddc26d87325dd2e82520b6675ca3e9b0e7c2abb00132195c3c9755191f
cross_domain,Z/ASL_Z_016.jpg,Z,25,7df4cdbab795327e9d550e6c5bac3d71440ba1d6f034c726fa4a104e8a3ce59d
cross_domain,Z/ASL_Z_017.jpg,Z,25,4deb4052ba1f950b6ef7082942ee6138a177d89ed580d0de26b2b2bdd8f6b90f
cross_domain,Z/ASL_Z_018.jpg,Z,25,5b77c3af093ebd2d5011eeac8aa2c520ff599e9c618efdf01d34743dae0761ea
cross_domain,Z/ASL_Z_019.jpg,Z,25,4d8f1244403327edbd0b93ce0d883695f62b20bebdabfeb83ac4cc55381e7316
cross_domain,Z/ASL_Z_020.jpg,Z,25,0d226f89d076271fed1df15fc5aa4c72532cf08916256e5a3ee2a3bda1169078
cross_domain,Z/ASL_Z_021.png,Z,25,c4ba9762020e63383fa82ac8fef4e0912dc39187a9d8dd6e3b459e93dbba09c3
cross_domain,Z/ASL_Z_022.png,Z,25,810ed83803c69f117e396e57d89ac9399813f5feb3583ae0daff326938d08416
cross_domain,Z/ASL_Z_023.png,Z,25,68f0362c318cfa527bfbf0c07b882aa462bc0095828ec4a4960b19d58de34ae2
cross_domain,Z/ASL_Z_024.png,Z,25,20ad394336cf72738ba6f68dd975ff6f22a5c3442196a0bae1d38d34cc206b71
cross_domain,Z/ASL_Z_025.png,Z,25,0462795b7d12f5c25975af0764adc1c5df233afdff0b0a78d2151ed581293e0c
cross_domain,Z/ASL_Z_026.png,Z,25,0de1b6a70772c2f1bf109ce6cb9d3756dfbbc135f45011ce5f031dadc9358485
cross_domain,Z/ASL_Z_027.png,Z,25,4434822b21bf0ddb919bc020371f98a8cb85678c4771bc7b0ec7d64ed4129bc0
cross_domain,Z/ASL_Z_028.png,Z,25,4ecade11a820d0e3f59df984683d150b50e781af0634316e68e0b0bd60e0f41e
cross_domain,Z/ASL_Z_029.png,Z,25,8b5268b8eb3691f67fc6056886fb3800043ea9e0ea5482079bfc5b770d6b8c63
cross_domain,Z/ASL_Z_030.png,Z,25,6003e02ad6a91601cce9f430fcb8bed43420e16524a8069cc1a83ddf645085ab
cross_domain,del/ASL_DEL_001.jpg,delete,26,1f66bd14cfac50e743221356eb5389740c63ea53319df5053613a93b93de47ab
cross_domain,del/ASL_DEL_002.jpg,delete,26,afcde3db73a3337a1f42057298993a798d585d924109127c58ac0782677f8f4a
cross_domain,del/ASL_DEL_003.jpg,delete,26,c62c4b903d9c1d65086e257b5993be68cdb159928c46cf1202bf803f367fa251
cross_domain,del/ASL_DEL_004.jpg,delete,26,ca952ca1df28a99342df1d8e7cff9f8731d6b031fa5f4f7a4462f5697e61c4f7
cross_domain,del/ASL_DEL_005.jpg,delete,26,dd423527ef8abe4d7f5b975a684a6bc4d705db400e2d3e18b02a279f7282cc7a
cross_domain,del/ASL_DEL_006.jpg,delete,26,a3c1b8730cd75780a6fad475544d99586fb3f25cb679f07323766723e07021f4
cross_domain,del/ASL_DEL_007.jpg,delete,26,8cd08310cb083123b0d37077cbc99d7969661a5804a6ac40b25d7ea0785d3c6b
cross_domain,del/ASL_DEL_008.jpg,delete,26,81cff8003662b95afb5be2ef146915f0b0aea29b407dafccb8b5f6fbaa49aa3d
cross_domain,del/ASL_DEL_009.jpg,delete,26,a13c943905d9255912e52d22c34049530940616fe8a63b81df79c19db88ca628
cross_domain,del/ASL_DEL_010.jpg,delete,26,e996b474e96872217b2a620de491bc3f486f33ac02048df221a08e8e00568d2d
cross_domain,del/ASL_DEL_011.jpg,delete,26,d4935731cbcafc406b7a89cb65991ee4149bd055015374f28854d20b147cc776
cross_domain,del/ASL_DEL_012.jpg,delete,26,87ae08ba5334a668606749cdc6d45fb26b300323b49159e8b60e657a7c025623
cross_domain,del/ASL_DEL_013.jpg,delete,26,b6428b4ac846fe04fe56fbbead03b799fec9f6cf5376d7187ae25d91ebbd57e6
cross_domain,del/ASL_DEL_014.jpg,delete,26,252c20d7207ae0dba11754ae67b49d5c8528e5da0d548cbcf6f04dfdd53b83b9
cross_domain,del/ASL_DEL_015.jpg,delete,26,a97d99161669ce498d9c09b2ce7be2e0da5cd134044f8212df19ec8347320591
cross_domain,del/ASL_DEL_016.jpg,delete,26,2081b9ffb7c50f85fc7f2bf6be42b2bf11f69d055cab161419de0ed82b2208b5
cross_domain,del/ASL_DEL_017.jpg,delete,26,b96eb1ac0a03aa1b2aafc61ca7eb5bdef9fa909a266878e41669b148ca758533
cross_domain,del/ASL_DEL_018.jpg,delete,26,57117df39ae29f1e71bd318187561f48f0ce4835564d424946e6835a878ddffa
cross_domain,del/ASL_DEL_019.jpg,delete,26,b25ab634db3a9313b5428c477b62933e3598aa89d59fe118d7bd11da0dcc4b9c
cross_domain,del/ASL_DEL_020.jpg,delete,26,f08992ccd10ab95de42de1c96ca40a572a342364568835e980dd4b6b2e2bd0b7
cross_domain,del/ASL_DEL_021.jpg,delete,26,fae36b19a46930cf49911fc38f147f9edf26e2da7d8b08bd35da2081bf40f5fa
cross_domain,del/ASL_DEL_022.jpg,delete,26,27493ef901bd8e4ed827383611951a42e2c3ea758c647e8dbda5331f9cc62579
cross_domain,del/ASL_DEL_023.jpg,delete,26,2ada6ac6075027a40f225f6206df312931d4ce612098c0661f7268e7038f1100
cross_domain,del/ASL_DEL_024.jpg,delete,26,073cf81e709bc611d8f2ad081b1959b21efbcbb7c9d1584b62efd06e6ba42561
cross_domain,del/ASL_DEL_025.jpg,delete,26,2559fde0e22b3eadecf36f08fb2d07c5a7c15871e595460a3178526addbb4ca6
cross_domain,del/ASL_DEL_026.jpg,delete,26,648a8c6f9ca6a6a021144dde299cca4a9ddd7613b1667569a53bc4884ed2f4ff
cross_domain,del/ASL_DEL_027.jpg,delete,26,14f973be3f5ee28476ab08f79c1fa1891aed7d0d3641ffee6906f026b2afdc8b
cross_domain,del/ASL_DEL_028.jpg,delete,26,1bfd1ee7855302adcc83a9bbd71491b4a0db36901ceb4a2a11fd35e048758cad
cross_domain,del/ASL_DEL_029.jpg,delete,26,4851a54ee88d57105d5b433090aa146ae2d0ff020acfcb6935f097ccb4b72509
cross_domain,del/ASL_DEL_030.jpg,delete,26,d71073d7dccece2ccf606310581bee270b8a05f0d9b35f2d00113adc845777ec
cross_domain,nothing/ASL_NOTHING_001.jpg,nothing,27,bb3cbaa0609fdf120cea7f66f2b54c3164a0366327f1f4233a135181ba34be86
cross_domain,nothing/ASL_NOTHING_002.jpg,nothing,27,7e428a3c400c8ac2fc229880e86e42abcb7756c27f91f4881c8665e94d395c03
cross_domain,nothing/ASL_NOTHING_003.jpg,nothing,27,0e08d1ee7fa98f502e34801e8a95c8ce6c12fe64d612f049599b2f155c2ab015
cross_domain,nothing/ASL_NOTHING_004.jpg,nothing,27,870c0bdbbf090d7facd0520d3e43576eeb299723687be1880dcfc44466ddbf05
cross_domain,nothing/ASL_NOTHING_005.jpg,nothing,27,59088f9a5a4efd5ca88d462afc3c53f62cd9c81fa876150d3d23a62786e8fe3b
cross_domain,nothing/ASL_NOTHING_006.jpg,nothing,27,fe2a972ca055f6641c2436a718d805ac29a4d814cb2d6b50679e82b5f14fbc42
cross_domain,nothing/ASL_NOTHING_007.jpg,nothing,27,7e1788aa31807c06220ca90bfb7b574fb96ea5b455f24964f85d75a1c7e22e5c
cross_domain,nothing/ASL_NOTHING_008.jpg,nothing,27,2894358b6b315d5cbddb612d448f723a272563c5f9eb8ed1c0aa787fca780087
cross_domain,nothing/ASL_NOTHING_009.jpg,nothing,27,ee6e24ae43470506ae626062179d484ad74ed5eb9d20e729c9611ec3efec7253
cross_domain,nothing/ASL_NOTHING_010.jpg,nothing,27,9f6bd2848c756cb05751b5f8c8bd17c10a6200e84f5afdd3aeab9bda6dbf0143
cross_domain,nothing/ASL_NOTHING_011.jpg,nothing,27,9c881123bde5da7fd10580fb0036796d366365199ecd4bf6bd6b27bdb71fd55d
cross_domain,nothing/ASL_NOTHING_012.jpg,nothing,27,7011cb378d477a919b2aa7f1c41dcbb5b3e0453a2ce59791347cd7e614af95f6
cross_domain,nothing/ASL_NOTHING_013.jpg,nothing,27,a618c3f6ddb8f7ff2f4dd6d85516e0702251bcb55780a0611c570803af2b62e9
cross_domain,nothing/ASL_NOTHING_014.jpg,nothing,27,e4ff67e886abea0e5cd14b9dd11b2f9c6748e2c733d4fef9b53d174d6aed286a
cross_domain,nothing/ASL_NOTHING_015.jpg,nothing,27,6005eb4c996a366b676455a62ad97ec51915bdcf1cbe3ffbbb13d1280dbeed1a
cross_domain,nothing/ASL_NOTHING_016.jpg,nothing,27,58d11862acb5c9405481cf32a284da11934dbe5d41ecbac10b956387ca2184ef
cross_domain,nothing/ASL_NOTHING_017.jpg,nothing,27,a8d884fbe2beaeee6b0b96c70446253c8ea8baa663a9c8eff40c766680dffd7a
cross_domain,nothing/ASL_NOTHING_018.jpg,nothing,27,07b87fda6fa827f90db9225f581d66b023e617e78e9b50a1907d2e5681b604dd
cross_domain,nothing/ASL_NOTHING_019.jpg,nothing,27,1c06aca52f0f2cd94ef2a0d7ca0aea19a1e595b6a46869e9f3c671f1f1eae2c0
cross_domain,nothing/ASL_NOTHING_020.jpg,nothing,27,ae30d691f176f22ef637fa93e465125d7819eb3ea487e71faa8bc6b2e8b65eef
cross_domain,nothing/ASL_NOTHING_021.jpg,nothing,27,2f218195aa02bc2a58d0e906231e2e6b90a3157776e9633eba0c0865d3271cd1
cross_domain,nothing/ASL_NOTHING_022.jpg,nothing,27,680b3a6a8da87fbea9cbfa10ed54cc8b3785e0f8a3c0c6709c7314c6c92b21f4
cross_domain,nothing/ASL_NOTHING_023.jpg,nothing,27,7e36d16c7d3ddbac9459056de3da7b7bfbcd4dea5d967d395c1cb138dd6b4fad
cross_domain,nothing/ASL_NOTHING_024.jpg,nothing,27,a15806f2126b5cef81523a7aa63a25dbc29a2391d637d2f0331359491615c09e
cross_domain,nothing/ASL_NOTHING_025.jpg,nothing,27,45035ccb7da7ca1e0d163913c5d1bab287d7cb399923a6ba4e1a0f54a89592e0
cross_domain,nothing/ASL_NOTHING_026.jpg,nothing,27,9f56adf8069078e2b7a09f8e2dd1d1259caa8670817f16295b229ba6087613b5
cross_domain,nothing/ASL_NOTHING_027.jpg,nothing,27,7834f15a82d1f1d21fbdb77efb9d3278d02e68216b83c453e2ee03f0f5206256
cross_domain,nothing/ASL_NOTHING_028.jpg,nothing,27,add65715d2818835d5fd27219b56208e048f3c612e2d0a3442baded132f192c3
cross_domain,nothing/ASL_NOTHING_029.jpg,nothing,27,197deda8b649ac9d9eec98f5626fc5c0d9ad15681ec78bbddf1b125b26e24f2f
cross_domain,nothing/ASL_NOTHING_030.jpg,nothing,27,ba38f8eaec85587929d4715be098e72c769f46384e9055d7a56129473bfca380
cross_domain,space/ASL_SPACE_001.jpg,space,28,b7ecaa2cb5a6258948cb517f51c22ca232b246a363161c13b6fa87d727527780
cross_domain,space/ASL_SPACE_002.jpg,space,28,b58d96236147e80d6b4da65c33216a2c458b427a3e12c540f007e6952b0f6bfe
cross_domain,space/ASL_SPACE_003.jpg,space,28,56d70cf01a745ab7d45b911cee790bf1f6b87775ae668d8a3c568874d89d3f8e
cross_domain,space/ASL_SPACE_004.jpg,space,28,83bc001c241b0f23c22996f1abc09b3a0b0d60868deff770ef75330b27f3070a
cross_domain,space/ASL_SPACE_005.jpg,space,28,58425cd4bef577d9c59fc142fe310c89cef3d983803cd5d061ff61a2ffe4ded1
cross_domain,space/ASL_SPACE_006.jpg,space,28,2c858fa5e53e64bda38b796e56fedc67c511c5c22a23b5919ead27d9748756c5
cross_domain,space/ASL_SPACE_007.jpg,space,28,5be50bf32cfa3defdaddc9f9aef74accb58d3aec9a8438cec62caa60c6ccf1d1
cross_domain,space/ASL_SPACE_008.jpg,space,28,c45b810c45ea3d914a9550c77cd56029e5297599a2e8aadb6e5ff6a6298fa01a
cross_domain,space/ASL_SPACE_009.jpg,space,28,3a775d4ba0f9235b0ec28d93a6b924f6d83c63ff6af2f6aceba7004a9363929d
cross_domain,space/ASL_SPACE_010.jpg,space,28,de01201a054c1f6f899a9e45d8e13f0fc0b11d54ffd35107bdf1f7aaaa3ae231
cross_domain,space/ASL_SPACE_011.jpg,space,28,a3dfd599a102f5e7e5f97d6a61b2541211f483469103b2992bd928dcf265152e
cross_domain,space/ASL_SPACE_012.jpg,space,28,a947ecc6396338bcad2236216f4f8ef902e151049987672816bafe506df36596
cross_domain,space/ASL_SPACE_013.jpg,space,28,d26abd7c611fdae1af2eeae6bef7759ee3ce213b32c0ddb522500d012464423e
cross_domain,space/ASL_SPACE_014.jpg,space,28,03d2bc812b1b609353c5bf9b90e83a85835dd52643e126497e3b1217883f5d3d
cross_domain,space/ASL_SPACE_015.jpg,space,28,fb9c910ed558edaf1f28c61c630898642fd0e79d30ffb0d75a996886e5c77ab7
cross_domain,space/ASL_SPACE_016.jpg,space,28,611a6bd45f40408a27ba746a6775e5c262ec3988a8387943824062f4ddfcc369
cross_domain,space/ASL_SPACE_017.jpg,space,28,334470904191bcf912ac789afd91304259a434e6bddb82a28f88c163932f9fb6
cross_domain,space/ASL_SPACE_018.jpg,space,28,e6d29717288e5a6bc7eb1bdd81a07cae568cccf558ec452a29fcd94bcadf5034
cross_domain,space/ASL_SPACE_019.jpg,space,28,0dd764e13669066dec17b8171c84e039a2c66d8ca2e8d3debdd6e4bdd5b5fd8d
cross_domain,space/ASL_SPACE_020.jpg,space,28,daa5b6142f70b4cd1620140645cc1a85d47ef61b2a462e6f559f4370d8c2c6af
cross_domain,space/ASL_SPACE_021.jpg,space,28,857782b5527cf5b821f000133a437dc00ae05ec0e7d268750d619f4501ed125c
cross_domain,space/ASL_SPACE_022.jpg,space,28,d4f9f6d62fefe936dbe4bd7873236136736a952e518a1ade3ac11feab4f7e341
cross_domain,space/ASL_SPACE_023.jpg,space,28,fb5378840a19ef5bc7acddb234a00cff5161b0f4f8ed3c6e0e32ea07e0779320
cross_domain,space/ASL_SPACE_024.jpg,space,28,22dfaa04babb5235f823890cf6050dea5d788c6d34019fffbc733f12be6cf661
cross_domain,space/ASL_SPACE_025.jpg,space,28,e2608dc71efc2164a2a25ec0357a26c7e30a7761bd1a679a64b79eb9f4fc617a
cross_domain,space/ASL_SPACE_026.jpg,space,28,40a10962b2fd1aee623e8cfb7a6974438eb3ef5a96da56d631f97069c59ad70a
cross_domain,space/ASL_SPACE_027.jpg,space,28,362feb0a188e44256552ba58acd777853a9b72600c96365efa288d006a9024a8
cross_domain,space/ASL_SPACE_028.jpg,space,28,c57b3d7636f9d4ab2fd545f4ef3d4984eaa6fafc90cc4fa1f725247f84bedf13
cross_domain,space/ASL_SPACE_029.jpg,space,28,6a1bf0f51b805a872ada156f66713d3eda06dc3504b9882d678a0330b596141e
cross_domain,space/ASL_SPACE_030.jpg,space,28,c342fd2cc37e03d381a7762643b22be65d8a76e61475bc6162973eb896bbd15f
