relative_path,canonical_label,detector_name,class_id,x_center,y_center,width,height
A/ASL_A_001.jpg,A,A,0,0.5,0.5,1.0,1.0
A/ASL_A_002.jpg,A,A,0,0.5,0.5,1.0,1.0
A/ASL_A_003.jpg,A,A,0,0.5,0.5,1.0,1.0
A/ASL_A_004.jpg,A,A,0,0.5,0.5,1.0,1.0
A/ASL_A_005.jpg,A,A,0,0.5,0.5,1.0,1.0
A/ASL_A_006.jpg,A,A,0,0.5,0.5,1.0,1.0
A/ASL_A_007.jpg,A,A,0,0.5,0.5,1.0,1.0
A/ASL_A_008.jpg,A,A,0,0.5,0.5,1.0,1.0
A/ASL_A_009.jpg,A,A,0,0.5,0.5,1.0,1.0
A/ASL_A_010.jpg,A,A,0,0.5,0.5,1.0,1.0
A/ASL_A_011.jpg,A,A,0,0.5,0.5,1.0,1.0
A/ASL_A_012.jpg,A,A,0,0.5,0.5,1.0,1.0
A/ASL_A_013.jpg,A,A,0,0.5,0.5,1.0,1.0
A/ASL_A_014.jpg,A,A,0,0.5,0.5,1.0,1.0
A/ASL_A_015.jpg,A,A,0,0.5,0.5,1.0,1.0
A/ASL_A_016.jpg,A,A,0,0.5,0.5,1.0,1.0
A/ASL_A_017.jpg,A,A,0,0.5,0.5,1.0,1.0
A/ASL_A_018.jpg,A,A,0,0.5,0.5,1.0,1.0
A/ASL_A_019.jpg,A,A,0,0.5,0.5,1.0,1.0
A/ASL_A_020.jpg,A,A,0,0.5,0.5,1.0,1.0
A/ASL_A_021.png,A,A,0,0.5,0.5,1.0,1.0
A/ASL_A_022.png,A,A,0,0.5,0.5,1.0,1.0
A/ASL_A_023.png,A,A,0,0.5,0.5,1.0,1.0
A/ASL_A_024.png,A,A,0,0.5,0.5,1.0,1.0
A/ASL_A_025.png,A,A,0,0.5,0.5,1.0,1.0
A/ASL_A_026.png,A,A,0,0.5,0.5,1.0,1.0
A/ASL_A_027.png,A,A,0,0.5,0.5,1.0,1.0
A/ASL_A_028.png,A,A,0,0.5,0.5,1.0,1.0
A/ASL_A_029.png,A,A,0,0.5,0.5,1.0,1.0
A/ASL_A_030.png,A,A,0,0.5,0.5,1.0,1.0
B/ASL_B_001.jpg,B,B,1,0.5,0.5,1.0,1.0
B/ASL_B_002.jpg,B,B,1,0.5,0.5,1.0,1.0
B/ASL_B_003.jpg,B,B,1,0.5,0.5,1.0,1.0
B/ASL_B_004.jpg,B,B,1,0.5,0.5,1.0,1.0
B/ASL_B_005.jpg,B,B,1,0.5,0.5,1.0,1.0
B/ASL_B_006.jpg,B,B,1,0.5,0.5,1.0,1.0
B/ASL_B_007.jpg,B,B,1,0.5,0.5,1.0,1.0
B/ASL_B_008.jpg,B,B,1,0.5,0.5,1.0,1.0
B/ASL_B_009.jpg,B,B,1,0.5,0.5,1.0,1.0
B/ASL_B_010.jpg,B,B,1,0.5,0.5,1.0,1.0
B/ASL_B_011.jpg,B,B,1,0.5,0.5,1.0,1.0
B/ASL_B_012.jpg,B,B,1,0.5,0.5,1.0,1.0
B/ASL_B_013.jpg,B,B,1,0.5,0.5,1.0,1.0
B/ASL_B_014.jpg,B,B,1,0.5,0.5,1.0,1.0
B/ASL_B_015.jpg,B,B,1,0.5,0.5,1.0,1.0
B/ASL_B_016.jpg,B,B,1,0.5,0.5,1.0,1.0
B/ASL_B_017.jpg,B,B,1,0.5,0.5,1.0,1.0
B/ASL_B_018.jpg,B,B,1,0.5,0.5,1.0,1.0
B/ASL_B_019.jpg,B,B,1,0.5,0.5,1.0,1.0
B/ASL_B_020.jpg,B,B,1,0.5,0.5,1.0,1.0
B/ASL_B_021.png,B,B,1,0.5,0.5,1.0,1.0
B/ASL_B_022.png,B,B,1,0.5,0.5,1.0,1.0
B/ASL_B_023.png,B,B,1,0.5,0.5,1.0,1.0
B/ASL_B_024.png,B,B,1,0.5,0.5,1.0,1.0
B/ASL_B_025.png,B,B,1,0.5,0.5,1.0,1.0
B/ASL_B_026.png,B,B,1,0.5,0.5,1.0,1.0
B/ASL_B_027.png,B,B,1,0.5,0.5,1.0,1.0
B/ASL_B_028.png,B,B,1,0.5,0.5,1.0,1.0
B/ASL_B_029.png,B,B,1,0.5,0.5,1.0,1.0
B/ASL_B_030.png,B,B,1,0.5,0.5,1.0,1.0
C/ASL_C_001.jpg,C,C,2,0.5,0.5,1.0,1.0
C/ASL_C_002.jpg,C,C,2,0.5,0.5,1.0,1.0
C/ASL_C_003.jpg,C,C,2,0.5,0.5,1.0,1.0
C/ASL_C_004.jpg,C,C,2,0.5,0.5,1.0,1.0
C/ASL_C_005.jpg,C,C,2,0.5,0.5,1.0,1.0
C/ASL_C_006.jpg,C,C,2,0.5,0.5,1.0,1.0
C/ASL_C_007.jpg,C,C,2,0.5,0.5,1.0,1.0
C/ASL_C_008.jpg,C,C,2,0.5,0.5,1.0,1.0
C/ASL_C_009.jpg,C,C,2,0.5,0.5,1.0,1.0
C/ASL_C_010.jpg,C,C,2,0.5,0.5,1.0,1.0
C/ASL_C_011.jpg,C,C,2,0.5,0.5,1.0,1.0
C/ASL_C_012.jpg,C,C,2,0.5,0.5,1.0,1.0
C/ASL_C_013.jpg,C,C,2,0.5,0.5,1.0,1.0
C/ASL_C_014.jpg,C,C,2,0.5,0.5,1.0,1.0
C/ASL_C_015.jpg,C,C,2,0.5,0.5,1.0,1.0
C/ASL_C_016.jpg,C,C,2,0.5,0.5,1.0,1.0
C/ASL_C_017.jpg,C,C,2,0.5,0.5,1.0,1.0
C/ASL_C_018.jpg,C,C,2,0.5,0.5,1.0,1.0
C/ASL_C_019.jpg,C,C,2,0.5,0.5,1.0,1.0
C/ASL_C_020.jpg,C,C,2,0.5,0.5,1.0,1.0
C/ASL_C_021.png,C,C,2,0.5,0.5,1.0,1.0
C/ASL_C_022.png,C,C,2,0.5,0.5,1.0,1.0
C/ASL_C_023.png,C,C,2,0.5,0.5,1.0,1.0
C/ASL_C_024.png,C,C,2,0.5,0.5,1.0,1.0
C/ASL_C_025.png,C,C,2,0.5,0.5,1.0,1.0
C/ASL_C_026.png,C,C,2,0.5,0.5,1.0,1.0
C/ASL_C_027.png,C,C,2,0.5,0.5,1.0,1.0
C/ASL_C_028.png,C,C,2,0.5,0.5,1.0,1.0
C/ASL_C_029.png,C,C,2,0.5,0.5,1.0,1.0
C/ASL_C_030.png,C,C,2,0.5,0.5,1.0,1.0
D/ASL_D_001.jpg,D,D,3,0.5,0.5,1.0,1.0
D/ASL_D_002.jpg,D,D,3,0.5,0.5,1.0,1.0
D/ASL_D_003.jpg,D,D,3,0.5,0.5,1.0,1.0
D/ASL_D_004.jpg,D,D,3,0.5,0.5,1.0,1.0
D/ASL_D_005.jpg,D,D,3,0.5,0.5,1.0,1.0
D/ASL_D_006.jpg,D,D,3,0.5,0.5,1.0,1.0
D/ASL_D_007.jpg,D,D,3,0.5,0.5,1.0,1.0
D/ASL_D_008.jpg,D,D,3,0.5,0.5,1.0,1.0
D/ASL_D_009.jpg,D,D,3,0.5,0.5,1.0,1.0
D/ASL_D_010.jpg,D,D,3,0.5,0.5,1.0,1.0
D/ASL_D_011.jpg,D,D,3,0.5,0.5,1.0,1.0
D/ASL_D_012.jpg,D,D,3,0.5,0.5,1.0,1.0
D/ASL_D_013.jpg,D,D,3,0.5,0.5,1.0,1.0
D/ASL_D_014.jpg,D,D,3,0.5,0.5,1.0,1.0
D/ASL_D_015.jpg,D,D,3,0.5,0.5,1.0,1.0
D/ASL_D_016.jpg,D,D,3,0.5,0.5,1.0,1.0
D/ASL_D_017.jpg,D,D,3,0.5,0.5,1.0,1.0
D/ASL_D_018.jpg,D,D,3,0.5,0.5,1.0,1.0
D/ASL_D_019.jpg,D,D,3,0.5,0.5,1.0,1.0
D/ASL_D_020.jpg,D,D,3,0.5,0.5,1.0,1.0
D/ASL_D_021.jpg,D,D,3,0.5,0.5,1.0,1.0
D/ASL_D_022.jpg,D,D,3,0.5,0.5,1.0,1.0
D/ASL_D_023.jpg,D,D,3,0.5,0.5,1.0,1.0
D/ASL_D_024.jpg,D,D,3,0.5,0.5,1.0,1.0
D/ASL_D_025.png,D,D,3,0.5,0.5,1.0,1.0
D/ASL_D_026.png,D,D,3,0.5,0.5,1.0,1.0
D/ASL_D_027.png,D,D,3,0.5,0.5,1.0,1.0
D/ASL_D_028.png,D,D,3,0.5,0.5,1.0,1.0
D/ASL_D_029.png,D,D,3,0.5,0.5,1.0,1.0
D/ASL_D_030.png,D,D,3,0.5,0.5,1.0,1.0
E/ASL_E_001.jpg,E,E,4,0.5,0.5,1.0,1.0
E/ASL_E_002.jpg,E,E,4,0.5,0.5,1.0,1.0
E/ASL_E_003.jpg,E,E,4,0.5,0.5,1.0,1.0
E/ASL_E_004.jpg,E,E,4,0.5,0.5,1.0,1.0
E/ASL_E_005.jpg,E,E,4,0.5,0.5,1.0,1.0
E/ASL_E_006.jpg,E,E,4,0.5,0.5,1.0,1.0
E/ASL_E_007.jpg,E,E,4,0.5,0.5,1.0,1.0
E/ASL_E_008.jpg,E,E,4,0.5,0.5,1.0,1.0
E/ASL_E_009.jpg,E,E,4,0.5,0.5,1.0,1.0
E/ASL_E_010.jpg,E,E,4,0.5,0.5,1.0,1.0
E/ASL_E_011.jpg,E,E,4,0.5,0.5,1.0,1.0
E/ASL_E_012.jpg,E,E,4,0.5,0.5,1.0,1.0
E/ASL_E_013.jpg,E,E,4,0.5,0.5,1.0,1.0
E/ASL_E_014.jpg,E,E,4,0.5,0.5,1.0,1.0
E/ASL_E_015.jpg,E,E,4,0.5,0.5,1.0,1.0
E/ASL_E_016.jpg,E,E,4,0.5,0.5,1.0,1.0
E/ASL_E_017.jpg,E,E,4,0.5,0.5,1.0,1.0
E/ASL_E_018.jpg,E,E,4,0.5,0.5,1.0,1.0
E/ASL_E_019.jpg,E,E,4,0.5,0.5,1.0,1.0
E/ASL_E_020.jpg,E,E,4,0.5,0.5,1.0,1.0
E/ASL_E_021.png,E,E,4,0.5,0.5,1.0,1.0
E/ASL_E_022.png,E,E,4,0.5,0.5,1.0,1.0
E/ASL_E_023.png,E,E,4,0.5,0.5,1.0,1.0
E/ASL_E_024.png,E,E,4,0.5,0.5,1.0,1.0
E/ASL_E_025.png,E,E,4,0.5,0.5,1.0,1.0
E/ASL_E_026.png,E,E,4,0.5,0.5,1.0,1.0
E/ASL_E_027.png,E,E,4,0.5,0.5,1.0,1.0
E/ASL_E_028.png,E,E,4,0.5,0.5,1.0,1.0
E/ASL_E_029.png,E,E,4,0.5,0.5,1.0,1.0
E/ASL_E_030.png,E,E,4,0.5,0.5,1.0,1.0
F/ASL_F_001.jpg,F,F,5,0.5,0.5,1.0,1.0
F/ASL_F_002.jpg,F,F,5,0.5,0.5,1.0,1.0
F/ASL_F_003.jpg,F,F,5,0.5,0.5,1.0,1.0
F/ASL_F_004.jpg,F,F,5,0.5,0.5,1.0,1.0
F/ASL_F_005.jpg,F,F,5,0.5,0.5,1.0,1.0
F/ASL_F_006.jpg,F,F,5,0.5,0.5,1.0,1.0
F/ASL_F_007.jpg,F,F,5,0.5,0.5,1.0,1.0
F/ASL_F_008.jpg,F,F,5,0.5,0.5,1.0,1.0
F/ASL_F_009.jpg,F,F,5,0.5,0.5,1.0,1.0
F/ASL_F_010.jpg,F,F,5,0.5,0.5,1.0,1.0
F/ASL_F_011.jpg,F,F,5,0.5,0.5,1.0,1.0
F/ASL_F_012.jpg,F,F,5,0.5,0.5,1.0,1.0
F/ASL_F_013.jpg,F,F,5,0.5,0.5,1.0,1.0
F/ASL_F_014.jpg,F,F,5,0.5,0.5,1.0,1.0
F/ASL_F_015.jpg,F,F,5,0.5,0.5,1.0,1.0
F/ASL_F_016.jpg,F,F,5,0.5,0.5,1.0,1.0
F/ASL_F_017.jpg,F,F,5,0.5,0.5,1.0,1.0
F/ASL_F_018.jpg,F,F,5,0.5,0.5,1.0,1.0
F/ASL_F_019.jpg,F,F,5,0.5,0.5,1.0,1.0
F/ASL_F_020.jpg,F,F,5,0.5,0.5,1.0,1.0
F/ASL_F_021.png,F,F,5,0.5,0.5,1.0,1.0
F/ASL_F_022.png,F,F,5,0.5,0.5,1.0,1.0
F/ASL_F_023.png,F,F,5,0.5,0.5,1.0,1.0
F/ASL_F_024.png,F,F,5,0.5,0.5,1.0,1.0
F/ASL_F_025.png,F,F,5,0.5,0.5,1.0,1.0
F/ASL_F_026.png,F,F,5,0.5,0.5,1.0,1.0
F/ASL_F_027.png,F,F,5,0.5,0.5,1.0,1.0
F/ASL_F_028.png,F,F,5,0.5,0.5,1.0,1.0
F/ASL_F_029.png,F,F,5,0.5,0.5,1.0,1.0
F/ASL_F_030.png,F,F,5,0.5,0.5,1.0,1.0
G/ASL_G_001.jpg,G,G,6,0.5,0.5,1.0,1.0
G/ASL_G_002.jpg,G,G,6,0.5,0.5,1.0,1.0
G/ASL_G_003.jpg,G,G,6,0.5,0.5,1.0,1.0
G/ASL_G_004.jpg,G,G,6,0.5,0.5,1.0,1.0
G/ASL_G_005.jpg,G,G,6,0.5,0.5,1.0,1.0
G/ASL_G_006.jpg,G,G,6,0.5,0.5,1.0,1.0
G/ASL_G_007.jpg,G,G,6,0.5,0.5,1.0,1.0
G/ASL_G_008.jpg,G,G,6,0.5,0.5,1.0,1.0
G/ASL_G_009.jpg,G,G,6,0.5,0.5,1.0,1.0
G/ASL_G_010.jpg,G,G,6,0.5,0.5,1.0,1.0
G/ASL_G_011.jpg,G,G,6,0.5,0.5,1.0,1.0
G/ASL_G_012.jpg,G,G,6,0.5,0.5,1.0,1.0
G/ASL_G_013.jpg,G,G,6,0.5,0.5,1.0,1.0
G/ASL_G_014.jpg,G,G,6,0.5,0.5,1.0,1.0
G/ASL_G_015.jpg,G,G,6,0.5,0.5,1.0,1.0
G/ASL_G_016.jpg,G,G,6,0.5,0.5,1.0,1.0
G/ASL_G_017.jpg,G,G,6,0.5,0.5,1.0,1.0
G/ASL_G_018.jpg,G,G,6,0.5,0.5,1.0,1.0
G/ASL_G_019.jpg,G,G,6,0.5,0.5,1.0,1.0
G/ASL_G_020.jpg,G,G,6,0.5,0.5,1.0,1.0
G/ASL_G_021.jpg,G,G,6,0.5,0.5,1.0,1.0
G/ASL_G_022.jpg,G,G,6,0.5,0.5,1.0,1.0
G/ASL_G_023.jpg,G,G,6,0.5,0.5,1.0,1.0
G/ASL_G_024.jpg,G,G,6,0.5,0.5,1.0,1.0
G/ASL_G_025.jpg,G,G,6,0.5,0.5,1.0,1.0
G/ASL_G_026.jpg,G,G,6,0.5,0.5,1.0,1.0
G/ASL_G_027.jpg,G,G,6,0.5,0.5,1.0,1.0
G/ASL_G_028.jpg,G,G,6,0.5,0.5,1.0,1.0
G/ASL_G_029.jpg,G,G,6,0.5,0.5,1.0,1.0
G/ASL_G_030.jpg,G,G,6,0.5,0.5,1.0,1.0
H/ASL_H_001.jpg,H,H,7,0.5,0.5,1.0,1.0
H/ASL_H_002.jpg,H,H,7,0.5,0.5,1.0,1.0
H/ASL_H_003.jpg,H,H,7,0.5,0.5,1.0,1.0
H/ASL_H_004.jpg,H,H,7,0.5,0.5,1.0,1.0
H/ASL_H_005.jpg,H,H,7,0.5,0.5,1.0,1.0
H/ASL_H_006.jpg,H,H,7,0.5,0.5,1.0,1.0
H/ASL_H_007.jpg,H,H,7,0.5,0.5,1.0,1.0
H/ASL_H_008.jpg,H,H,7,0.5,0.5,1.0,1.0
H/ASL_H_009.jpg,H,H,7,0.5,0.5,1.0,1.0
H/ASL_H_010.jpg,H,H,7,0.5,0.5,1.0,1.0
H/ASL_H_011.jpg,H,H,7,0.5,0.5,1.0,1.0
H/ASL_H_012.jpg,H,H,7,0.5,0.5,1.0,1.0
H/ASL_H_013.jpg,H,H,7,0.5,0.5,1.0,1.0
H/ASL_H_014.jpg,H,H,7,0.5,0.5,1.0,1.0
H/ASL_H_015.jpg,H,H,7,0.5,0.5,1.0,1.0
H/ASL_H_016.jpg,H,H,7,0.5,0.5,1.0,1.0
H/ASL_H_017.jpg,H,H,7,0.5,0.5,1.0,1.0
H/ASL_H_018.jpg,H,H,7,0.5,0.5,1.0,1.0
H/ASL_H_019.jpg,H,H,7,0.5,0.5,1.0,1.0
H/ASL_H_020.jpg,H,H,7,0.5,0.5,1.0,1.0
H/ASL_H_021.jpg,H,H,7,0.5,0.5,1.0,1.0
H/ASL_H_022.jpg,H,H,7,0.5,0.5,1.0,1.0
H/ASL_H_023.jpg,H,H,7,0.5,0.5,1.0,1.0
H/ASL_H_024.jpg,H,H,7,0.5,0.5,1.0,1.0
H/ASL_H_025.jpg,H,H,7,0.5,0.5,1.0,1.0
H/ASL_H_026.jpg,H,H,7,0.5,0.5,1.0,1.0
H/ASL_H_027.jpg,H,H,7,0.5,0.5,1.0,1.0
H/ASL_H_028.jpg,H,H,7,0.5,0.5,1.0,1.0
H/ASL_H_029.jpg,H,H,7,0.5,0.5,1.0,1.0
H/ASL_H_030.jpg,H,H,7,0.5,0.5,1.0,1.0
I/ASL_I_001.jpg,I,I,8,0.5,0.5,1.0,1.0
I/ASL_I_002.jpg,I,I,8,0.5,0.5,1.0,1.0
I/ASL_I_003.jpg,I,I,8,0.5,0.5,1.0,1.0
I/ASL_I_004.jpg,I,I,8,0.5,0.5,1.0,1.0
I/ASL_I_005.jpg,I,I,8,0.5,0.5,1.0,1.0
I/ASL_I_006.jpg,I,I,8,0.5,0.5,1.0,1.0
I/ASL_I_007.jpg,I,I,8,0.5,0.5,1.0,1.0
I/ASL_I_008.jpg,I,I,8,0.5,0.5,1.0,1.0
I/ASL_I_009.jpg,I,I,8,0.5,0.5,1.0,1.0
I/ASL_I_010.jpg,I,I,8,0.5,0.5,1.0,1.0
I/ASL_I_011.jpg,I,I,8,0.5,0.5,1.0,1.0
I/ASL_I_012.jpg,I,I,8,0.5,0.5,1.0,1.0
I/ASL_I_013.jpg,I,I,8,0.5,0.5,1.0,1.0
I/ASL_I_014.jpg,I,I,8,0.5,0.5,1.0,1.0
I/ASL_I_015.jpg,I,I,8,0.5,0.5,1.0,1.0
I/ASL_I_016.jpg,I,I,8,0.5,0.5,1.0,1.0
I/ASL_I_017.jpg,I,I,8,0.5,0.5,1.0,1.0
I/ASL_I_018.jpg,I,I,8,0.5,0.5,1.0,1.0
I/ASL_I_019.jpg,I,I,8,0.5,0.5,1.0,1.0
I/ASL_I_020.jpg,I,I,8,0.5,0.5,1.0,1.0
I/ASL_I_021.jpg,I,I,8,0.5,0.5,1.0,1.0
I/ASL_I_022.jpg,I,I,8,0.5,0.5,1.0,1.0
I/ASL_I_023.jpg,I,I,8,0.5,0.5,1.0,1.0
I/ASL_I_024.jpg,I,I,8,0.5,0.5,1.0,1.0
I/ASL_I_025.jpg,I,I,8,0.5,0.5,1.0,1.0
I/ASL_I_026.jpg,I,I,8,0.5,0.5,1.0,1.0
I/ASL_I_027.jpg,I,I,8,0.5,0.5,1.0,1.0
I/ASL_I_028.jpg,I,I,8,0.5,0.5,1.0,1.0
I/ASL_I_029.jpg,I,I,8,0.5,0.5,1.0,1.0
I/ASL_I_030.jpg,I,I,8,0.5,0.5,1.0,1.0
J/ASL_J_001.jpg,J,J,9,0.5,0.5,1.0,1.0
J/ASL_J_002.jpg,J,J,9,0.5,0.5,1.0,1.0
J/ASL_J_003.jpg,J,J,9,0.5,0.5,1.0,1.0
J/ASL_J_004.jpg,J,J,9,0.5,0.5,1.0,1.0
J/ASL_J_005.jpg,J,J,9,0.5,0.5,1.0,1.0
J/ASL_J_006.jpg,J,J,9,0.5,0.5,1.0,1.0
J/ASL_J_007.jpg,J,J,9,0.5,0.5,1.0,1.0
J/ASL_J_008.jpg,J,J,9,0.5,0.5,1.0,1.0
J/ASL_J_009.jpg,J,J,9,0.5,0.5,1.0,1.0
J/ASL_J_010.jpg,J,J,9,0.5,0.5,1.0,1.0
J/ASL_J_011.jpg,J,J,9,0.5,0.5,1.0,1.0
J/ASL_J_012.jpg,J,J,9,0.5,0.5,1.0,1.0
J/ASL_J_013.jpg,J,J,9,0.5,0.5,1.0,1.0
J/ASL_J_014.jpg,J,J,9,0.5,0.5,1.0,1.0
J/ASL_J_015.jpg,J,J,9,0.5,0.5,1.0,1.0
J/ASL_J_016.jpg,J,J,9,0.5,0.5,1.0,1.0
J/ASL_J_017.jpg,J,J,9,0.5,0.5,1.0,1.0
J/ASL_J_018.jpg,J,J,9,0.5,0.5,1.0,1.0
J/ASL_J_019.jpg,J,J,9,0.5,0.5,1.0,1.0
J/ASL_J_020.jpg,J,J,9,0.5,0.5,1.0,1.0
J/ASL_J_021.jpg,J,J,9,0.5,0.5,1.0,1.0
J/ASL_J_022.jpg,J,J,9,0.5,0.5,1.0,1.0
J/ASL_J_023.jpg,J,J,9,0.5,0.5,1.0,1.0
J/ASL_J_024.jpg,J,J,9,0.5,0.5,1.0,1.0
J/ASL_J_025.jpg,J,J,9,0.5,0.5,1.0,1.0
J/ASL_J_026.jpg,J,J,9,0.5,0.5,1.0,1.0
J/ASL_J_027.jpg,J,J,9,0.5,0.5,1.0,1.0
J/ASL_J_028.jpg,J,J,9,0.5,0.5,1.0,1.0
J/ASL_J_029.jpg,J,J,9,0.5,0.5,1.0,1.0
J/ASL_J_030.jpg,J,J,9,0.5,0.5,1.0,1.0
K/ASL_K_001.jpg,K,K,10,0.5,0.5,1.0,1.0
K/ASL_K_002.jpg,K,K,10,0.5,0.5,1.0,1.0
K/ASL_K_003.jpg,K,K,10,0.5,0.5,1.0,1.0
K/ASL_K_004.jpg,K,K,10,0.5,0.5,1.0,1.0
K/ASL_K_005.jpg,K,K,10,0.5,0.5,1.0,1.0
K/ASL_K_006.jpg,K,K,10,0.5,0.5,1.0,1.0
K/ASL_K_007.jpg,K,K,10,0.5,0.5,1.0,1.0
K/ASL_K_008.jpg,K,K,10,0.5,0.5,1.0,1.0
K/ASL_K_009.jpg,K,K,10,0.5,0.5,1.0,1.0
K/ASL_K_010.jpg,K,K,10,0.5,0.5,1.0,1.0
K/ASL_K_011.jpg,K,K,10,0.5,0.5,1.0,1.0
K/ASL_K_012.jpg,K,K,10,0.5,0.5,1.0,1.0
K/ASL_K_013.jpg,K,K,10,0.5,0.5,1.0,1.0
K/ASL_K_014.jpg,K,K,10,0.5,0.5,1.0,1.0
K/ASL_K_015.jpg,K,K,10,0.5,0.5,1.0,1.0
K/ASL_K_016.jpg,K,K,10,0.5,0.5,1.0,1.0
K/ASL_K_017.jpg,K,K,10,0.5,0.5,1.0,1.0
K/ASL_K_018.jpg,K,K,10,0.5,0.5,1.0,1.0
K/ASL_K_019.jpg,K,K,10,0.5,0.5,1.0,1.0
K/ASL_K_020.jpg,K,K,10,0.5,0.5,1.0,1.0
K/ASL_K_021.png,K,K,10,0.5,0.5,1.0,1.0
K/ASL_K_022.png,K,K,10,0.5,0.5,1.0,1.0
K/ASL_K_023.png,K,K,10,0.5,0.5,1.0,1.0
K/ASL_K_024.png,K,K,10,0.5,0.5,1.0,1.0
K/ASL_K_025.png,K,K,10,0.5,0.5,1.0,1.0
K/ASL_K_026.png,K,K,10,0.5,0.5,1.0,1.0
K/ASL_K_027.png,K,K,10,0.5,0.5,1.0,1.0
K/ASL_K_028.png,K,K,10,0.5,0.5,1.0,1.0
K/ASL_K_029.png,K,K,10,0.5,0.5,1.0,1.0
K/ASL_K_030.png,K,K,10,0.5,0.5,1.0,1.0
L/ASL_L_001.jpg,L,L,11,0.5,0.5,1.0,1.0
L/ASL_L_002.jpg,L,L,11,0.5,0.5,1.0,1.0
L/ASL_L_003.jpg,L,L,11,0.5,0.5,1.0,1.0
L/ASL_L_004.jpg,L,L,11,0.5,0.5,1.0,1.0
L/ASL_L_005.jpg,L,L,11,0.5,0.5,1.0,1.0
L/ASL_L_006.jpg,L,L,11,0.5,0.5,1.0,1.0
L/ASL_L_007.jpg,L,L,11,0.5,0.5,1.0,1.0
L/ASL_L_008.jpg,L,L,11,0.5,0.5,1.0,1.0
L/ASL_L_009.jpg,L,L,11,0.5,0.5,1.0,1.0
L/ASL_L_010.jpg,L,L,11,0.5,0.5,1.0,1.0
L/ASL_L_011.jpg,L,L,11,0.5,0.5,1.0,1.0
L/ASL_L_012.jpg,L,L,11,0.5,0.5,1.0,1.0
L/ASL_L_013.jpg,L,L,11,0.5,0.5,1.0,1.0
L/ASL_L_014.jpg,L,L,11,0.5,0.5,1.0,1.0
L/ASL_L_015.jpg,L,L,11,0.5,0.5,1.0,1.0
L/ASL_L_016.jpg,L,L,11,0.5,0.5,1.0,1.0
L/ASL_L_017.jpg,L,L,11,0.5,0.5,1.0,1.0
L/ASL_L_018.jpg,L,L,11,0.5,0.5,1.0,1.0
L/ASL_L_019.jpg,L,L,11,0.5,0.5,1.0,1.0
L/ASL_L_020.jpg,L,L,11,0.5,0.5,1.0,1.0
L/ASL_L_021.png,L,L,11,0.5,0.5,1.0,1.0
L/ASL_L_022.png,L,L,11,0.5,0.5,1.0,1.0
L/ASL_L_023.png,L,L,11,0.5,0.5,1.0,1.0
L/ASL_L_024.png,L,L,11,0.5,0.5,1.0,1.0
L/ASL_L_025.png,L,L,11,0.5,0.5,1.0,1.0
L/ASL_L_026.png,L,L,11,0.5,0.5,1.0,1.0
L/ASL_L_027.png,L,L,11,0.5,0.5,1.0,1.0
L/ASL_L_028.png,L,L,11,0.5,0.5,1.0,1.0
L/ASL_L_029.png,L,L,11,0.5,0.5,1.0,1.0
L/ASL_L_030.png,L,L,11,0.5,0.5,1.0,1.0
M/ASL_M_001.jpg,M,M,12,0.5,0.5,1.0,1.0
M/ASL_M_002.jpg,M,M,12,0.5,0.5,1.0,1.0
M/ASL_M_003.jpg,M,M,12,0.5,0.5,1.0,1.0
M/ASL_M_004.jpg,M,M,12,0.5,0.5,1.0,1.0
M/ASL_M_005.jpg,M,M,12,0.5,0.5,1.0,1.0
M/ASL_M_006.jpg,M,M,12,0.5,0.5,1.0,1.0
M/ASL_M_007.jpg,M,M,12,0.5,0.5,1.0,1.0
M/ASL_M_008.jpg,M,M,12,0.5,0.5,1.0,1.0
M/ASL_M_009.jpg,M,M,12,0.5,0.5,1.0,1.0
M/ASL_M_010.jpg,M,M,12,0.5,0.5,1.0,1.0
M/ASL_M_011.jpg,M,M,12,0.5,0.5,1.0,1.0
M/ASL_M_012.jpg,M,M,12,0.5,0.5,1.0,1.0
M/ASL_M_013.jpg,M,M,12,0.5,0.5,1.0,1.0
M/ASL_M_014.jpg,M,M,12,0.5,0.5,1.0,1.0
M/ASL_M_015.jpg,M,M,12,0.5,0.5,1.0,1.0
M/ASL_M_016.jpg,M,M,12,0.5,0.5,1.0,1.0
M/ASL_M_017.jpg,M,M,12,0.5,0.5,1.0,1.0
M/ASL_M_018.jpg,M,M,12,0.5,0.5,1.0,1.0
M/ASL_M_019.jpg,M,M,12,0.5,0.5,1.0,1.0
M/ASL_M_020.jpg,M,M,12,0.5,0.5,1.0,1.0
M/ASL_M_021.jpg,M,M,12,0.5,0.5,1.0,1.0
M/ASL_M_022.jpg,M,M,12,0.5,0.5,1.0,1.0
M/ASL_M_023.jpg,M,M,12,0.5,0.5,1.0,1.0
M/ASL_M_024.jpg,M,M,12,0.5,0.5,1.0,1.0
M/ASL_M_025.jpg,M,M,12,0.5,0.5,1.0,1.0
M/ASL_M_026.jpg,M,M,12,0.5,0.5,1.0,1.0
M/ASL_M_027.jpg,M,M,12,0.5,0.5,1.0,1.0
M/ASL_M_028.jpg,M,M,12,0.5,0.5,1.0,1.0
M/ASL_M_029.jpg,M,M,12,0.5,0.5,1.0,1.0
M/ASL_M_030.jpg,M,M,12,0.5,0.5,1.0,1.0
N/ASL_N_001.jpg,N,N,13,0.5,0.5,1.0,1.0
N/ASL_N_002.jpg,N,N,13,0.5,0.5,1.0,1.0
N/ASL_N_003.jpg,N,N,13,0.5,0.5,1.0,1.0
N/ASL_N_004.jpg,N,N,13,0.5,0.5,1.0,1.0
N/ASL_N_005.jpg,N,N,13,0.5,0.5,1.0,1.0
N/ASL_N_006.jpg,N,N,13,0.5,0.5,1.0,1.0
N/ASL_N_007.jpg,N,N,13,0.5,0.5,1.0,1.0
N/ASL_N_008.jpg,N,N,13,0.5,0.5,1.0,1.0
N/ASL_N_009.jpg,N,N,13,0.5,0.5,1.0,1.0
N/ASL_N_010.jpg,N,N,13,0.5,0.5,1.0,1.0
N/ASL_N_011.jpg,N,N,13,0.5,0.5,1.0,1.0
N/ASL_N_012.jpg,N,N,13,0.5,0.5,1.0,1.0
N/ASL_N_013.jpg,N,N,13,0.5,0.5,1.0,1.0
N/ASL_N_014.jpg,N,N,13,0.5,0.5,1.0,1.0
N/ASL_N_015.jpg,N,N,13,0.5,0.5,1.0,1.0
N/ASL_N_016.jpg,N,N,13,0.5,0.5,1.0,1.0
N/ASL_N_017.jpg,N,N,13,0.5,0.5,1.0,1.0
N/ASL_N_018.jpg,N,N,13,0.5,0.5,1.0,1.0
N/ASL_N_019.jpg,N,N,13,0.5,0.5,1.0,1.0
N/ASL_N_020.jpg,N,N,13,0.5,0.5,1.0,1.0
N/ASL_N_021.jpg,N,N,13,0.5,0.5,1.0,1.0
N/ASL_N_022.jpg,N,N,13,0.5,0.5,1.0,1.0
N/ASL_N_023.jpg,N,N,13,0.5,0.5,1.0,1.0
N/ASL_N_024.jpg,N,N,13,0.5,0.5,1.0,1.0
N/ASL_N_025.jpg,N,N,13,0.5,0.5,1.0,1.0
N/ASL_N_026.jpg,N,N,13,0.5,0.5,1.0,1.0
N/ASL_N_027.jpg,N,N,13,0.5,0.5,1.0,1.0
N/ASL_N_028.jpg,N,N,13,0.5,0.5,1.0,1.0
N/ASL_N_029.jpg,N,N,13,0.5,0.5,1.0,1.0
N/ASL_N_030.jpg,N,N,13,0.5,0.5,1.0,1.0
O/ASL_O_001.jpg,O,O,14,0.5,0.5,1.0,1.0
O/ASL_O_002.jpg,O,O,14,0.5,0.5,1.0,1.0
O/ASL_O_003.jpg,O,O,14,0.5,0.5,1.0,1.0
O/ASL_O_004.jpg,O,O,14,0.5,0.5,1.0,1.0
O/ASL_O_005.jpg,O,O,14,0.5,0.5,1.0,1.0
O/ASL_O_006.jpg,O,O,14,0.5,0.5,1.0,1.0
O/ASL_O_007.jpg,O,O,14,0.5,0.5,1.0,1.0
O/ASL_O_008.jpg,O,O,14,0.5,0.5,1.0,1.0
O/ASL_O_009.jpg,O,O,14,0.5,0.5,1.0,1.0
O/ASL_O_010.jpg,O,O,14,0.5,0.5,1.0,1.0
O/ASL_O_011.jpg,O,O,14,0.5,0.5,1.0,1.0
O/ASL_O_012.jpg,O,O,14,0.5,0.5,1.0,1.0
O/ASL_O_013.jpg,O,O,14,0.5,0.5,1.0,1.0
O/ASL_O_014.jpg,O,O,14,0.5,0.5,1.0,1.0
O/ASL_O_015.jpg,O,O,14,0.5,0.5,1.0,1.0
O/ASL_O_016.jpg,O,O,14,0.5,0.5,1.0,1.0
O/ASL_O_017.jpg,O,O,14,0.5,0.5,1.0,1.0
O/ASL_O_018.jpg,O,O,14,0.5,0.5,1.0,1.0
O/ASL_O_019.jpg,O,O,14,0.5,0.5,1.0,1.0
O/ASL_O_020.jpg,O,O,14,0.5,0.5,1.0,1.0
O/ASL_O_021.png,O,O,14,0.5,0.5,1.0,1.0
O/ASL_O_022.png,O,O,14,0.5,0.5,1.0,1.0
O/ASL_O_023.png,O,O,14,0.5,0.5,1.0,1.0
O/ASL_O_024.png,O,O,14,0.5,0.5,1.0,1.0
O/ASL_O_025.png,O,O,14,0.5,0.5,1.0,1.0
O/ASL_O_026.png,O,O,14,0.5,0.5,1.0,1.0
O/ASL_O_027.png,O,O,14,0.5,0.5,1.0,1.0
O/ASL_O_028.png,O,O,14,0.5,0.5,1.0,1.0
O/ASL_O_029.png,O,O,14,0.5,0.5,1.0,1.0
O/ASL_O_030.png,O,O,14,0.5,0.5,1.0,1.0
P/ASL_P_001.jpg,P,P,15,0.5,0.5,1.0,1.0
P/ASL_P_002.jpg,P,P,15,0.5,0.5,1.0,1.0
P/ASL_P_003.jpg,P,P,15,0.5,0.5,1.0,1.0
P/ASL_P_004.jpg,P,P,15,0.5,0.5,1.0,1.0
P/ASL_P_005.jpg,P,P,15,0.5,0.5,1.0,1.0
P/ASL_P_006.jpg,P,P,15,0.5,0.5,1.0,1.0
P/ASL_P_007.jpg,P,P,15,0.5,0.5,1.0,1.0
P/ASL_P_008.jpg,P,P,15,0.5,0.5,1.0,1.0
P/ASL_P_009.jpg,P,P,15,0.5,0.5,1.0,1.0
P/ASL_P_010.jpg,P,P,15,0.5,0.5,1.0,1.0
P/ASL_P_011.jpg,P,P,15,0.5,0.5,1.0,1.0
P/ASL_P_012.jpg,P,P,15,0.5,0.5,1.0,1.0
P/ASL_P_013.jpg,P,P,15,0.5,0.5,1.0,1.0
P/ASL_P_014.jpg,P,P,15,0.5,0.5,1.0,1.0
P/ASL_P_015.jpg,P,P,15,0.5,0.5,1.0,1.0
P/ASL_P_016.jpg,P,P,15,0.5,0.5,1.0,1.0
P/ASL_P_017.jpg,P,P,15,0.5,0.5,1.0,1.0
P/ASL_P_018.jpg,P,P,15,0.5,0.5,1.0,1.0
P/ASL_P_019.jpg,P,P,15,0.5,0.5,1.0,1.0
P/ASL_P_020.jpg,P,P,15,0.5,0.5,1.0,1.0
P/ASL_P_021.jpg,P,P,15,0.5,0.5,1.0,1.0
P/ASL_P_022.jpg,P,P,15,0.5,0.5,1.0,1.0
P/ASL_P_023.jpg,P,P,15,0.5,0.5,1.0,1.0
P/ASL_P_024.jpg,P,P,15,0.5,0.5,1.0,1.0
P/ASL_P_025.jpg,P,P,15,0.5,0.5,1.0,1.0
P/ASL_P_026.jpg,P,P,15,0.5,0.5,1.0,1.0
P/ASL_P_027.jpg,P,P,15,0.5,0.5,1.0,1.0
P/ASL_P_028.jpg,P,P,15,0.5,0.5,1.0,1.0
P/ASL_P_029.jpg,P,P,15,0.5,0.5,1.0,1.0
P/ASL_P_030.jpg,P,P,15,0.5,0.5,1.0,1.0
Q/ASL_Q_001.jpg,Q,Q,16,0.5,0.5,1.0,1.0
Q/ASL_Q_002.jpg,Q,Q,16,0.5,0.5,1.0,1.0
Q/ASL_Q_003.jpg,Q,Q,16,0.5,0.5,1.0,1.0
Q/ASL_Q_004.jpg,Q,Q,16,0.5,0.5,1.0,1.0
Q/ASL_Q_005.jpg,Q,Q,16,0.5,0.5,1.0,1.0
Q/ASL_Q_006.jpg,Q,Q,16,0.5,0.5,1.0,1.0
Q/ASL_Q_007.jpg,Q,Q,16,0.5,0.5,1.0,1.0
Q/ASL_Q_008.jpg,Q,Q,16,0.5,0.5,1.0,1.0
Q/ASL_Q_009.jpg,Q,Q,16,0.5,0.5,1.0,1.0
Q/ASL_Q_010.jpg,Q,Q,16,0.5,0.5,1.0,1.0
Q/ASL_Q_011.jpg,Q,Q,16,0.5,0.5,1.0,1.0
Q/ASL_Q_012.jpg,Q,Q,16,0.5,0.5,1.0,1.0
Q/ASL_Q_013.jpg,Q,Q,16,0.5,0.5,1.0,1.0
Q/ASL_Q_014.jpg,Q,Q,16,0.5,0.5,1.0,1.0
Q/ASL_Q_015.jpg,Q,Q,16,0.5,0.5,1.0,1.0
Q/ASL_Q_016.jpg,Q,Q,16,0.5,0.5,1.0,1.0
Q/ASL_Q_017.jpg,Q,Q,16,0.5,0.5,1.0,1.0
Q/ASL_Q_018.jpg,Q,Q,16,0.5,0.5,1.0,1.0
Q/ASL_Q_019.jpg,Q,Q,16,0.5,0.5,1.0,1.0
Q/ASL_Q_020.jpg,Q,Q,16,0.5,0.5,1.0,1.0
Q/ASL_Q_021.jpg,Q,Q,16,0.5,0.5,1.0,1.0
Q/ASL_Q_022.jpg,Q,Q,16,0.5,0.5,1.0,1.0
Q/ASL_Q_023.jpg,Q,Q,16,0.5,0.5,1.0,1.0
Q/ASL_Q_024.jpg,Q,Q,16,0.5,0.5,1.0,1.0
Q/ASL_Q_025.jpg,Q,Q,16,0.5,0.5,1.0,1.0
Q/ASL_Q_026.jpg,Q,Q,16,0.5,0.5,1.0,1.0
Q/ASL_Q_027.jpg,Q,Q,16,0.5,0.5,1.0,1.0
Q/ASL_Q_028.jpg,Q,Q,16,0.5,0.5,1.0,1.0
Q/ASL_Q_029.jpg,Q,Q,16,0.5,0.5,1.0,1.0
Q/ASL_Q_030.jpg,Q,Q,16,0.5,0.5,1.0,1.0
R/ASL_R_001.jpg,R,R,17,0.5,0.5,1.0,1.0
R/ASL_R_002.jpg,R,R,17,0.5,0.5,1.0,1.0
R/ASL_R_003.jpg,R,R,17,0.5,0.5,1.0,1.0
R/ASL_R_004.jpg,R,R,17,0.5,0.5,1.0,1.0
R/ASL_R_005.jpg,R,R,17,0.5,0.5,1.0,1.0
R/ASL_R_006.jpg,R,R,17,0.5,0.5,1.0,1.0
R/ASL_R_007.jpg,R,R,17,0.5,0.5,1.0,1.0
R/ASL_R_008.jpg,R,R,17,0.5,0.5,1.0,1.0
R/ASL_R_009.jpg,R,R,17,0.5,0.5,1.0,1.0
R/ASL_R_010.jpg,R,R,17,0.5,0.5,1.0,1.0
R/ASL_R_011.jpg,R,R,17,0.5,0.5,1.0,1.0
R/ASL_R_012.jpg,R,R,17,0.5,0.5,1.0,1.0
R/ASL_R_013.jpg,R,R,17,0.5,0.5,1.0,1.0
R/ASL_R_014.jpg,R,R,17,0.5,0.5,1.0,1.0
R/ASL_R_015.jpg,R,R,17,0.5,0.5,1.0,1.0
R/ASL_R_016.jpg,R,R,17,0.5,0.5,1.0,1.0
R/ASL_R_017.jpg,R,R,17,0.5,0.5,1.0,1.0
R/ASL_R_018.jpg,R,R,17,0.5,0.5,1.0,1.0
R/ASL_R_019.jpg,R,R,17,0.5,0.5,1.0,1.0
R/ASL_R_020.jpg,R,R,17,0.5,0.5,1.0,1.0
R/ASL_R_021.jpg,R,R,17,0.5,0.5,1.0,1.0
R/ASL_R_022.jpg,R,R,17,0.5,0.5,1.0,1.0
R/ASL_R_023.jpg,R,R,17,0.5,0.5,1.0,1.0
R/ASL_R_024.png,R,R,17,0.5,0.5,1.0,1.0
R/ASL_R_025.png,R,R,17,0.5,0.5,1.0,1.0
R/ASL_R_026.png,R,R,17,0.5,0.5,1.0,1.0
R/ASL_R_027.png,R,R,17,0.5,0.5,1.0,1.0
R/ASL_R_028.png,R,R,17,0.5,0.5,1.0,1.0
R/ASL_R_029.png,R,R,17,0.5,0.5,1.0,1.0
R/ASL_R_030.png,R,R,17,0.5,0.5,1.0,1.0
S/ASL_S_001.jpg,S,S,18,0.5,0.5,1.0,1.0
S/ASL_S_002.jpg,S,S,18,0.5,0.5,1.0,1.0
S/ASL_S_003.jpg,S,S,18,0.5,0.5,1.0,1.0
S/ASL_S_004.jpg,S,S,18,0.5,0.5,1.0,1.0
S/ASL_S_005.jpg,S,S,18,0.5,0.5,1.0,1.0
S/ASL_S_006.jpg,S,S,18,0.5,0.5,1.0,1.0
S/ASL_S_007.jpg,S,S,18,0.5,0.5,1.0,1.0
S/ASL_S_008.jpg,S,S,18,0.5,0.5,1.0,1.0
S/ASL_S_009.jpg,S,S,18,0.5,0.5,1.0,1.0
S/ASL_S_010.jpg,S,S,18,0.5,0.5,1.0,1.0
S/ASL_S_011.jpg,S,S,18,0.5,0.5,1.0,1.0
S/ASL_S_012.jpg,S,S,18,0.5,0.5,1.0,1.0
S/ASL_S_013.jpg,S,S,18,0.5,0.5,1.0,1.0
S/ASL_S_014.jpg,S,S,18,0.5,0.5,1.0,1.0
S/ASL_S_015.jpg,S,S,18,0.5,0.5,1.0,1.0
S/ASL_S_016.jpg,S,S,18,0.5,0.5,1.0,1.0
S/ASL_S_017.jpg,S,S,18,0.5,0.5,1.0,1.0
S/ASL_S_018.jpg,S,S,18,0.5,0.5,1.0,1.0
S/ASL_S_019.jpg,S,S,18,0.5,0.5,1.0,1.0
S/ASL_S_020.jpg,S,S,18,0.5,0.5,1.0,1.0
S/ASL_S_021.jpg,S,S,18,0.5,0.5,1.0,1.0
S/ASL_S_022.jpg,S,S,18,0.5,0.5,1.0,1.0
S/ASL_S_023.jpg,S,S,18,0.5,0.5,1.0,1.0
S/ASL_S_024.jpg,S,S,18,0.5,0.5,1.0,1.0
S/ASL_S_025.jpg,S,S,18,0.5,0.5,1.0,1.0
S/ASL_S_026.jpg,S,S,18,0.5,0.5,1.0,1.0
S/ASL_S_027.jpg,S,S,18,0.5,0.5,1.0,1.0
S/ASL_S_028.jpg,S,S,18,0.5,0.5,1.0,1.0
S/ASL_S_029.jpg,S,S,18,0.5,0.5,1.0,1.0
S/ASL_S_030.jpg,S,S,18,0.5,0.5,1.0,1.0
T/ASL_T_001.jpg,T,T,19,0.5,0.5,1.0,1.0
T/ASL_T_002.jpg,T,T,19,0.5,0.5,1.0,1.0
T/ASL_T_003.jpg,T,T,19,0.5,0.5,1.0,1.0
T/ASL_T_004.jpg,T,T,19,0.5,0.5,1.0,1.0
T/ASL_T_005.jpg,T,T,19,0.5,0.5,1.0,1.0
T/ASL_T_006.jpg,T,T,19,0.5,0.5,1.0,1.0
T/ASL_T_007.jpg,T,T,19,0.5,0.5,1.0,1.0
T/ASL_T_008.jpg,T,T,19,0.5,0.5,1.0,1.0
T/ASL_T_009.jpg,T,T,19,0.5,0.5,1.0,1.0
T/ASL_T_010.jpg,T,T,19,0.5,0.5,1.0,1.0
T/ASL_T_011.jpg,T,T,19,0.5,0.5,1.0,1.0
T/ASL_T_012.jpg,T,T,19,0.5,0.5,1.0,1.0
T/ASL_T_013.jpg,T,T,19,0.5,0.5,1.0,1.0
T/ASL_T_014.jpg,T,T,19,0.5,0.5,1.0,1.0
T/ASL_T_015.jpg,T,T,19,0.5,0.5,1.0,1.0
T/ASL_T_016.jpg,T,T,19,0.5,0.5,1.0,1.0
T/ASL_T_017.jpg,T,T,19,0.5,0.5,1.0,1.0
T/ASL_T_018.jpg,T,T,19,0.5,0.5,1.0,1.0
T/ASL_T_019.jpg,T,T,19,0.5,0.5,1.0,1.0
T/ASL_T_020.jpg,T,T,19,0.5,0.5,1.0,1.0
T/ASL_T_021.jpg,T,T,19,0.5,0.5,1.0,1.0
T/ASL_T_022.jpg,T,T,19,0.5,0.5,1.0,1.0
T/ASL_T_023.jpg,T,T,19,0.5,0.5,1.0,1.0
T/ASL_T_024.jpg,T,T,19,0.5,0.5,1.0,1.0
T/ASL_T_025.jpg,T,T,19,0.5,0.5,1.0,1.0
T/ASL_T_026.jpg,T,T,19,0.5,0.5,1.0,1.0
T/ASL_T_027.jpg,T,T,19,0.5,0.5,1.0,1.0
T/ASL_T_028.jpg,T,T,19,0.5,0.5,1.0,1.0
T/ASL_T_029.jpg,T,T,19,0.5,0.5,1.0,1.0
T/ASL_T_030.jpg,T,T,19,0.5,0.5,1.0,1.0
U/ASL_U_001.jpg,U,U,20,0.5,0.5,1.0,1.0
U/ASL_U_002.jpg,U,U,20,0.5,0.5,1.0,1.0
U/ASL_U_003.jpg,U,U,20,0.5,0.5,1.0,1.0
U/ASL_U_004.jpg,U,U,20,0.5,0.5,1.0,1.0
U/ASL_U_005.jpg,U,U,20,0.5,0.5,1.0,1.0
U/ASL_U_006.jpg,U,U,20,0.5,0.5,1.0,1.0
U/ASL_U_007.jpg,U,U,20,0.5,0.5,1.0,1.0
U/ASL_U_008.jpg,U,U,20,0.5,0.5,1.0,1.0
U/ASL_U_009.jpg,U,U,20,0.5,0.5,1.0,1.0
U/ASL_U_010.jpg,U,U,20,0.5,0.5,1.0,1.0
U/ASL_U_011.jpg,U,U,20,0.5,0.5,1.0,1.0
U/ASL_U_012.jpg,U,U,20,0.5,0.5,1.0,1.0
U/ASL_U_013.jpg,U,U,20,0.5,0.5,1.0,1.0
U/ASL_U_014.jpg,U,U,20,0.5,0.5,1.0,1.0
U/ASL_U_015.jpg,U,U,20,0.5,0.5,1.0,1.0
U/ASL_U_016.jpg,U,U,20,0.5,0.5,1.0,1.0
U/ASL_U_017.jpg,U,U,20,0.5,0.5,1.0,1.0
U/ASL_U_018.jpg,U,U,20,0.5,0.5,1.0,1.0
U/ASL_U_019.jpg,U,U,20,0.5,0.5,1.0,1.0
U/ASL_U_020.jpg,U,U,20,0.5,0.5,1.0,1.0
U/ASL_U_021.png,U,U,20,0.5,0.5,1.0,1.0
U/ASL_U_022.png,U,U,20,0.5,0.5,1.0,1.0
U/ASL_U_023.png,U,U,20,0.5,0.5,1.0,1.0
U/ASL_U_024.png,U,U,20,0.5,0.5,1.0,1.0
U/ASL_U_025.png,U,U,20,0.5,0.5,1.0,1.0
U/ASL_U_026.png,U,U,20,0.5,0.5,1.0,1.0
U/ASL_U_027.png,U,U,20,0.5,0.5,1.0,1.0
U/ASL_U_028.png,U,U,20,0.5,0.5,1.0,1.0
U/ASL_U_029.png,U,U,20,0.5,0.5,1.0,1.0
U/ASL_U_030.png,U,U,20,0.5,0.5,1.0,1.0
V/ASL_V_001.jpg,V,V,21,0.5,0.5,1.0,1.0
V/ASL_V_002.jpg,V,V,21,0.5,0.5,1.0,1.0
V/ASL_V_003.jpg,V,V,21,0.5,0.5,1.0,1.0
V/ASL_V_004.jpg,V,V,21,0.5,0.5,1.0,1.0
V/ASL_V_005.jpg,V,V,21,0.5,0.5,1.0,1.0
V/ASL_V_006.jpg,V,V,21,0.5,0.5,1.0,1.0
V/ASL_V_007.jpg,V,V,21,0.5,0.5,1.0,1.0
V/ASL_V_008.jpg,V,V,21,0.5,0.5,1.0,1.0
V/ASL_V_009.jpg,V,V,21,0.5,0.5,1.0,1.0
V/ASL_V_010.jpg,V,V,21,0.5,0.5,1.0,1.0
V/ASL_V_011.jpg,V,V,21,0.5,0.5,1.0,1.0
V/ASL_V_012.jpg,V,V,21,0.5,0.5,1.0,1.0
V/ASL_V_013.jpg,V,V,21,0.5,0.5,1.0,1.0
V/ASL_V_014.jpg,V,V,21,0.5,0.5,1.0,1.0
V/ASL_V_015.jpg,V,V,21,0.5,0.5,1.0,1.0
V/ASL_V_016.jpg,V,V,21,0.5,0.5,1.0,1.0
V/ASL_V_017.jpg,V,V,21,0.5,0.5,1.0,1.0
V/ASL_V_018.jpg,V,V,21,0.5,0.5,1.0,1.0
V/ASL_V_019.jpg,V,V,21,0.5,0.5,1.0,1.0
V/ASL_V_020.jpg,V,V,21,0.5,0.5,1.0,1.0
V/ASL_V_021.png,V,V,21,0.5,0.5,1.0,1.0
V/ASL_V_022.png,V,V,21,0.5,0.5,1.0,1.0
V/ASL_V_023.png,V,V,21,0.5,0.5,1.0,1.0
V/ASL_V_024.png,V,V,21,0.5,0.5,1.0,1.0
V/ASL_V_025.png,V,V,21,0.5,0.5,1.0,1.0
V/ASL_V_026.png,V,V,21,0.5,0.5,1.0,1.0
V/ASL_V_027.png,V,V,21,0.5,0.5,1.0,1.0
V/ASL_V_028.png,V,V,21,0.5,0.5,1.0,1.0
V/ASL_V_029.png,V,V,21,0.5,0.5,1.0,1.0
V/ASL_V_030.png,V,V,21,0.5,0.5,1.0,1.0
W/ASL_W_001.jpg,W,W,22,0.5,0.5,1.0,1.0
W/ASL_W_002.jpg,W,W,22,0.5,0.5,1.0,1.0
W/ASL_W_003.jpg,W,W,22,0.5,0.5,1.0,1.0
W/ASL_W_004.jpg,W,W,22,0.5,0.5,1.0,1.0
W/ASL_W_005.jpg,W,W,22,0.5,0.5,1.0,1.0
W/ASL_W_006.jpg,W,W,22,0.5,0.5,1.0,1.0
W/ASL_W_007.jpg,W,W,22,0.5,0.5,1.0,1.0
W/ASL_W_008.jpg,W,W,22,0.5,0.5,1.0,1.0
W/ASL_W_009.jpg,W,W,22,0.5,0.5,1.0,1.0
W/ASL_W_010.jpg,W,W,22,0.5,0.5,1.0,1.0
W/ASL_W_011.jpg,W,W,22,0.5,0.5,1.0,1.0
W/ASL_W_012.jpg,W,W,22,0.5,0.5,1.0,1.0
W/ASL_W_013.jpg,W,W,22,0.5,0.5,1.0,1.0
W/ASL_W_014.jpg,W,W,22,0.5,0.5,1.0,1.0
W/ASL_W_015.jpg,W,W,22,0.5,0.5,1.0,1.0
W/ASL_W_016.jpg,W,W,22,0.5,0.5,1.0,1.0
W/ASL_W_017.jpg,W,W,22,0.5,0.5,1.0,1.0
W/ASL_W_018.jpg,W,W,22,0.5,0.5,1.0,1.0
W/ASL_W_019.jpg,W,W,22,0.5,0.5,1.0,1.0
W/ASL_W_020.jpg,W,W,22,0.5,0.5,1.0,1.0
W/ASL_W_021.png,W,W,22,0.5,0.5,1.0,1.0
W/ASL_W_022.png,W,W,22,0.5,0.5,1.0,1.0
W/ASL_W_023.png,W,W,22,0.5,0.5,1.0,1.0
W/ASL_W_024.png,W,W,22,0.5,0.5,1.0,1.0
W/ASL_W_025.png,W,W,22,0.5,0.5,1.0,1.0
W/ASL_W_026.png,W,W,22,0.5,0.5,1.0,1.0
W/ASL_W_027.png,W,W,22,0.5,0.5,1.0,1.0
W/ASL_W_028.png,W,W,22,0.5,0.5,1.0,1.0
W/ASL_W_029.png,W,W,22,0.5,0.5,1.0,1.0
W/ASL_W_030.png,W,W,22,0.5,0.5,1.0,1.0
X/ASL_X_001.jpg,X,X,23,0.5,0.5,1.0,1.0
X/ASL_X_002.jpg,X,X,23,0.5,0.5,1.0,1.0
X/ASL_X_003.jpg,X,X,23,0.5,0.5,1.0,1.0
X/ASL_X_004.jpg,X,X,23,0.5,0.5,1.0,1.0
X/ASL_X_005.jpg,X,X,23,0.5,0.5,1.0,1.0
X/ASL_X_006.jpg,X,X,23,0.5,0.5,1.0,1.0
X/ASL_X_007.jpg,X,X,23,0.5,0.5,1.0,1.0
X/ASL_X_008.jpg,X,X,23,0.5,0.5,1.0,1.0
X/ASL_X_009.jpg,X,X,23,0.5,0.5,1.0,1.0
X/ASL_X_010.jpg,X,X,23,0.5,0.5,1.0,1.0
X/ASL_X_011.jpg,X,X,23,0.5,0.5,1.0,1.0
X/ASL_X_012.jpg,X,X,23,0.5,0.5,1.0,1.0
X/ASL_X_013.jpg,X,X,23,0.5,0.5,1.0,1.0
X/ASL_X_014.jpg,X,X,23,0.5,0.5,1.0,1.0
X/ASL_X_015.jpg,X,X,23,0.5,0.5,1.0,1.0
X/ASL_X_016.jpg,X,X,23,0.5,0.5,1.0,1.0
X/ASL_X_017.jpg,X,X,23,0.5,0.5,1.0,1.0
X/ASL_X_018.jpg,X,X,23,0.5,0.5,1.0,1.0
X/ASL_X_019.jpg,X,X,23,0.5,0.5,1.0,1.0
X/ASL_X_020.jpg,X,X,23,0.5,0.5,1.0,1.0
X/ASL_X_021.png,X,X,23,0.5,0.5,1.0,1.0
X/ASL_X_022.png,X,X,23,0.5,0.5,1.0,1.0
X/ASL_X_023.png,X,X,23,0.5,0.5,1.0,1.0
X/ASL_X_024.png,X,X,23,0.5,0.5,1.0,1.0
X/ASL_X_025.png,X,X,23,0.5,0.5,1.0,1.0
X/ASL_X_026.png,X,X,23,0.5,0.5,1.0,1.0
X/ASL_X_027.png,X,X,23,0.5,0.5,1.0,1.0
X/ASL_X_028.png,X,X,23,0.5,0.5,1.0,1.0
X/ASL_X_029.png,X,X,23,0.5,0.5,1.0,1.0
X/ASL_X_030.png,X,X,23,0.5,0.5,1.0,1.0
Y/ASL_Y_001.jpg,Y,Y,24,0.5,0.5,1.0,1.0
Y/ASL_Y_002.jpg,Y,Y,24,0.5,0.5,1.0,1.0
Y/ASL_Y_003.jpg,Y,Y,24,0.5,0.5,1.0,1.0
Y/ASL_Y_004.jpg,Y,Y,24,0.5,0.5,1.0,1.0
Y/ASL_Y_005.jpg,Y,Y,24,0.5,0.5,1.0,1.0
Y/ASL_Y_006.jpg,Y,Y,24,0.5,0.5,1.0,1.0
Y/ASL_Y_007.jpg,Y,Y,24,0.5,0.5,1.0,1.0
Y/ASL_Y_008.jpg,Y,Y,24,0.5,0.5,1.0,1.0
Y/ASL_Y_009.jpg,Y,Y,24,0.5,0.5,1.0,1.0
Y/ASL_Y_010.jpg,Y,Y,24,0.5,0.5,1.0,1.0
Y/ASL_Y_011.jpg,Y,Y,24,0.5,0.5,1.0,1.0
Y/ASL_Y_012.jpg,Y,Y,24,0.5,0.5,1.0,1.0
Y/ASL_Y_013.jpg,Y,Y,24,0.5,0.5,1.0,1.0
Y/ASL_Y_014.jpg,Y,Y,24,0.5,0.5,1.0,1.0
Y/ASL_Y_015.jpg,Y,Y,24,0.5,0.5,1.0,1.0
Y/ASL_Y_016.jpg,Y,Y,24,0.5,0.5,1.0,1.0
Y/ASL_Y_017.jpg,Y,Y,24,0.5,0.5,1.0,1.0
Y/ASL_Y_018.jpg,Y,Y,24,0.5,0.5,1.0,1.0
Y/ASL_Y_019.jpg,Y,Y,24,0.5,0.5,1.0,1.0
Y/ASL_Y_020.jpg,Y,Y,24,0.5,0.5,1.0,1.0
Y/ASL_Y_021.png,Y,Y,24,0.5,0.5,1.0,1.0
Y/ASL_Y_022.png,Y,Y,24,0.5,0.5,1.0,1.0
Y/ASL_Y_023.png,Y,Y,24,0.5,0.5,1.0,1.0
Y/ASL_Y_024.png,Y,Y,24,0.5,0.5,1.0,1.0
Y/ASL_Y_025.png,Y,Y,24,0.5,0.5,1.0,1.0
Y/ASL_Y_026.png,Y,Y,24,0.5,0.5,1.0,1.0
Y/ASL_Y_027.png,Y,Y,24,0.5,0.5,1.0,1.0
Y/ASL_Y_028.png,Y,Y,24,0.5,0.5,1.0,1.0
Y/ASL_Y_029.png,Y,Y,24,0.5,0.5,1.0,1.0
Y/ASL_Y_030.png,Y,Y,24,0.5,0.5,1.0,1.0
Z/ASL_Z_001.jpg,Z,Z,25,0.5,0.5,1.0,1.0
Z/ASL_Z_002.jpg,Z,Z,25,0.5,0.5,1.0,1.0
Z/ASL_Z_003.jpg,Z,Z,25,0.5,0.5,1.0,1.0
Z/ASL_Z_004.jpg,Z,Z,25,0.5,0.5,1.0,1.0
Z/ASL_Z_005.jpg,Z,Z,25,0.5,0.5,1.0,1.0
Z/ASL_Z_006.jpg,Z,Z,25,0.5,0.5,1.0,1.0
Z/ASL_Z_007.jpg,Z,Z,25,0.5,0.5,1.0,1.0
Z/ASL_Z_008.jpg,Z,Z,25,0.5,0.5,1.0,1.0
Z/ASL_Z_009.jpg,Z,Z,25,0.5,0.5,1.0,1.0
Z/ASL_Z_010.jpg,Z,Z,25,0.5,0.5,1.0,1.0
Z/ASL_Z_011.jpg,Z,Z,25,0.5,0.5,1.0,1.0
Z/ASL_Z_012.jpg,Z,Z,25,0.5,0.5,1.0,1.0
Z/ASL_Z_013.jpg,Z,Z,25,0.5,0.5,1.0,1.0
Z/ASL_Z_014.jpg,Z,Z,25,0.5,0.5,1.0,1.0
Z/ASL_Z_015.jpg,Z,Z,25,0.5,0.5,1.0,1.0
Z/ASL_Z_016.jpg,Z,Z,25,0.5,0.5,1.0,1.0
Z/ASL_Z_017.jpg,Z,Z,25,0.5,0.5,1.0,1.0
Z/ASL_Z_018.jpg,Z,Z,25,0.5,0.5,1.0,1.0
Z/ASL_Z_019.jpg,Z,Z,25,0.5,0.5,1.0,1.0
Z/ASL_Z_020.jpg,Z,Z,25,0.5,0.5,1.0,1.0
Z/ASL_Z_021.png,Z,Z,25,0.5,0.5,1.0,1.0
Z/ASL_Z_022.png,Z,Z,25,0.5,0.5,1.0,1.0
Z/ASL_Z_023.png,Z,Z,25,0.5,0.5,1.0,1.0
Z/ASL_Z_024.png,Z,Z,25,0.5,0.5,1.0,1.0
Z/ASL_Z_025.png,Z,Z,25,0.5,0.5,1.0,1.0
Z/ASL_Z_026.png,Z,Z,25,0.5,0.5,1.0,1.0
Z/ASL_Z_027.png,Z,Z,25,0.5,0.5,1.0,1.0
Z/ASL_Z_028.png,Z,Z,25,0.5,0.5,1.0,1.0
Z/ASL_Z_029.png,Z,Z,25,0.5,0.5,1.0,1.0
Z/ASL_Z_030.png,Z,Z,25,0.5,0.5,1.0,1.0
del/ASL_DEL_001.jpg,delete,del,26,0.5,0.5,1.0,1.0
del/ASL_DEL_002.jpg,delete,del,26,0.5,0.5,1.0,1.0
del/ASL_DEL_003.jpg,delete,del,26,0.5,0.5,1.0,1.0
del/ASL_DEL_004.jpg,delete,del,26,0.5,0.5,1.0,1.0
del/ASL_DEL_005.jpg,delete,del,26,0.5,0.5,1.0,1.0
del/ASL_DEL_006.jpg,delete,del,26,0.5,0.5,1.0,1.0
del/ASL_DEL_007.jpg,delete,del,26,0.5,0.5,1.0,1.0
del/ASL_DEL_008.jpg,delete,del,26,0.5,0.5,1.0,1.0
del/ASL_DEL_009.jpg,delete,del,26,0.5,0.5,1.0,1.0
del/ASL_DEL_010.jpg,delete,del,26,0.5,0.5,1.0,1.0
del/ASL_DEL_011.jpg,delete,del,26,0.5,0.5,1.0,1.0
del/ASL_DEL_012.jpg,delete,del,26,0.5,0.5,1.0,1.0
del/ASL_DEL_013.jpg,delete,del,26,0.5,0.5,1.0,1.0
del/ASL_DEL_014.jpg,delete,del,26,0.5,0.5,1.0,1.0
del/ASL_DEL_015.jpg,delete,del,26,0.5,0.5,1.0,1.0
del/ASL_DEL_016.jpg,delete,del,26,0.5,0.5,1.0,1.0
del/ASL_DEL_017.jpg,delete,del,26,0.5,0.5,1.0,1.0
del/ASL_DEL_018.jpg,delete,del,26,0.5,0.5,1.0,1.0
del/ASL_DEL_019.jpg,delete,del,26,0.5,0.5,1.0,1.0
del/ASL_DEL_020.jpg,delete,del,26,0.5,0.5,1.0,1.0
del/ASL_DEL_021.jpg,delete,del,26,0.5,0.5,1.0,1.0
del/ASL_DEL_022.jpg,delete,del,26,0.5,0.5,1.0,1.0
del/ASL_DEL_023.jpg,delete,del,26,0.5,0.5,1.0,1.0
del/ASL_DEL_024.jpg,delete,del,26,0.5,0.5,1.0,1.0
del/ASL_DEL_025.jpg,delete,del,26,0.5,0.5,1.0,1.0
del/ASL_DEL_026.jpg,delete,del,26,0.5,0.5,1.0,1.0
del/ASL_DEL_027.jpg,delete,del,26,0.5,0.5,1.0,1.0
del/ASL_DEL_028.jpg,delete,del,26,0.5,0.5,1.0,1.0
del/ASL_DEL_029.jpg,delete,del,26,0.5,0.5,1.0,1.0
del/ASL_DEL_030.jpg,delete,del,26,0.5,0.5,1.0,1.0
nothing/ASL_NOTHING_001.jpg,nothing,nothing,27,0.5,0.5,1.0,1.0
nothing/ASL_NOTHING_002.jpg,nothing,nothing,27,0.5,0.5,1.0,1.0
nothing/ASL_NOTHING_003.jpg,nothing,nothing,27,0.5,0.5,1.0,1.0
nothing/ASL_NOTHING_004.jpg,nothing,nothing,27,0.5,0.5,1.0,1.0
nothing/ASL_NOTHING_005.jpg,nothing,nothing,27,0.5,0.5,1.0,1.0
nothing/ASL_NOTHING_006.jpg,nothing,nothing,27,0.5,0.5,1.0,1.0
nothing/ASL_NOTHING_007.jpg,nothing,nothing,27,0.5,0.5,1.0,1.0
nothing/ASL_NOTHING_008.jpg,nothing,nothing,27,0.5,0.5,1.0,1.0
nothing/ASL_NOTHING_009.jpg,nothing,nothing,27,0.5,0.5,1.0,1.0
nothing/ASL_NOTHING_010.jpg,nothing,nothing,27,0.5,0.5,1.0,1.0
nothing/ASL_NOTHING_011.jpg,nothing,nothing,27,0.5,0.5,1.0,1.0
nothing/ASL_NOTHING_012.jpg,nothing,nothing,27,0.5,0.5,1.0,1.0
nothing/ASL_NOTHING_013.jpg,nothing,nothing,27,0.5,0.5,1.0,1.0
nothing/ASL_NOTHING_014.jpg,nothing,nothing,27,0.5,0.5,1.0,1.0
nothing/ASL_NOTHING_015.jpg,nothing,nothing,27,0.5,0.5,1.0,1.0
nothing/ASL_NOTHING_016.jpg,nothing,nothing,27,0.5,0.5,1.0,1.0
nothing/ASL_NOTHING_017.jpg,nothing,nothing,27,0.5,0.5,1.0,1.0
nothing/ASL_NOTHING_018.jpg,nothing,nothing,27,0.5,0.5,1.0,1.0
nothing/ASL_NOTHING_019.jpg,nothing,nothing,27,0.5,0.5,1.0,1.0
nothing/ASL_NOTHING_020.jpg,nothing,nothing,27,0.5,0.5,1.0,1.0
nothing/ASL_NOTHING_021.jpg,nothing,nothing,27,0.5,0.5,1.0,1.0
nothing/ASL_NOTHING_022.jpg,nothing,nothing,27,0.5,0.5,1.0,1.0
nothing/ASL_NOTHING_023.jpg,nothing,nothing,27,0.5,0.5,1.0,1.0
nothing/ASL_NOTHING_024.jpg,nothing,nothing,27,0.5,0.5,1.0,1.0
nothing/ASL_NOTHING_025.jpg,nothing,nothing,27,0.5,0.5,1.0,1.0
nothing/ASL_NOTHING_026.jpg,nothing,nothing,27,0.5,0.5,1.0,1.0
nothing/ASL_NOTHING_027.jpg,nothing,nothing,27,0.5,0.5,1.0,1.0
nothing/ASL_NOTHING_028.jpg,nothing,nothing,27,0.5,0.5,1.0,1.0
nothing/ASL_NOTHING_029.jpg,nothing,nothing,27,0.5,0.5,1.0,1.0
nothing/ASL_NOTHING_030.jpg,nothing,nothing,27,0.5,0.5,1.0,1.0
space/ASL_SPACE_001.jpg,space,space,28,0.5,0.5,1.0,1.0
space/ASL_SPACE_002.jpg,space,space,28,0.5,0.5,1.0,1.0
space/ASL_SPACE_003.jpg,space,space,28,0.5,0.5,1.0,1.0
space/ASL_SPACE_004.jpg,space,space,28,0.5,0.5,1.0,1.0
space/ASL_SPACE_005.jpg,space,space,28,0.5,0.5,1.0,1.0
space/ASL_SPACE_006.jpg,space,space,28,0.5,0.5,1.0,1.0
space/ASL_SPACE_007.jpg,space,space,28,0.5,0.5,1.0,1.0
space/ASL_SPACE_008.jpg,space,space,28,0.5,0.5,1.0,1.0
space/ASL_SPACE_009.jpg,space,space,28,0.5,0.5,1.0,1.0
space/ASL_SPACE_010.jpg,space,space,28,0.5,0.5,1.0,1.0
space/ASL_SPACE_011.jpg,space,space,28,0.5,0.5,1.0,1.0
space/ASL_SPACE_012.jpg,space,space,28,0.5,0.5,1.0,1.0
space/ASL_SPACE_013.jpg,space,space,28,0.5,0.5,1.0,1.0
space/ASL_SPACE_014.jpg,space,space,28,0.5,0.5,1.0,1.0
space/ASL_SPACE_015.jpg,space,space,28,0.5,0.5,1.0,1.0
space/ASL_SPACE_016.jpg,space,space,28,0.5,0.5,1.0,1.0
space/ASL_SPACE_017.jpg,space,space,28,0.5,0.5,1.0,1.0
space/ASL_SPACE_018.jpg,space,space,28,0.5,0.5,1.0,1.0
space/ASL_SPACE_019.jpg,space,space,28,0.5,0.5,1.0,1.0
space/ASL_SPACE_020.jpg,space,space,28,0.5,0.5,1.0,1.0
space/ASL_SPACE_021.jpg,space,space,28,0.5,0.5,1.0,1.0
space/ASL_SPACE_022.jpg,space,space,28,0.5,0.5,1.0,1.0
space/ASL_SPACE_023.jpg,space,space,28,0.5,0.5,1.0,1.0
space/ASL_SPACE_024.jpg,space,space,28,0.5,0.5,1.0,1.0
space/ASL_SPACE_025.jpg,space,space,28,0.5,0.5,1.0,1.0
space/ASL_SPACE_026.jpg,space,space,28,0.5,0.5,1.0,1.0
space/ASL_SPACE_027.jpg,space,space,28,0.5,0.5,1.0,1.0
space/ASL_SPACE_028.jpg,space,space,28,0.5,0.5,1.0,1.0
space/ASL_SPACE_029.jpg,space,space,28,0.5,0.5,1.0,1.0
space/ASL_SPACE_030.jpg,space,space,28,0.5,0.5,1.0,1.0
